day,views,engagedViews,estimatedMinutesWatched,averageViewDuration,likes,dislikes,comments,shares,subscribersGained,subscribersLost,annotationClickThroughRate,annotationCloseRate,averageViewPercentage
2023-06-01,1244,1122,2343,113,97,2,24,18,39,3,0,0,25.45
2023-06-02,1034,894,3567,207,44,2,13,6,47,9,0,0,20.26
2023-06-03,759,646,3238,256,43,1,11,7,24,2,0,0,20.46
2023-06-04,852,833,2670,188,51,2,7,9,38,4,0,0,35.46
2023-06-05,576,556,1776,185,23,1,6,8,26,5,0,0,32.62
2023-06-06,788,758,1734,132,36,0,15,8,18,1,0,0,23.83
2023-06-07,872,802,3459,238,30,0,11,9,42,7,0,0,38.64
2023-06-08,1215,1167,2207,109,38,2,12,9,42,6,0,0,25.38
2023-06-09,773,729,2873,223,38,1,6,4,10,2,0,0,24.19
2023-06-10,737,691,2850,232,44,2,15,4,32,6,0,0,28.71
2023-06-11,516,458,2064,240,36,1,8,7,19,2,0,0,23.88
2023-06-12,601,528,1452,145,40,1,6,5,25,4,0,0,40.15
2023-06-13,645,614,1548,144,22,0,7,4,8,1,0,0,38.09
2023-06-14,699,635,2412,207,42,2,4,6,28,3,0,0,26.67
2023-06-15,941,870,3419,218,39,1,12,7,13,1,0,0,21.47
2023-06-16,932,901,1724,111,65,1,11,11,36,4,0,0,35.98
2023-06-17,662,565,2758,250,20,1,5,7,28,5,0,0,26.53
2023-06-18,483,447,1996,248,28,1,3,5,19,3,0,0,47.83
2023-06-19,585,543,1882,193,26,0,6,4,28,4,0,0,35.79
2023-06-20,671,653,2516,225,33,2,4,7,18,2,0,0,35.43
2023-06-21,792,705,3406,258,30,0,8,7,17,3,0,0,29.53
2023-06-22,994,861,2783,168,52,1,10,10,52,7,0,0,35.58
2023-06-23,960,861,2848,178,44,2,7,8,40,7,0,0,24.02
2023-06-24,726,678,1573,130,38,1,10,11,26,5,0,0,29.56
2023-06-25,797,726,2816,212,29,1,14,9,19,2,0,0,31.49
2023-06-26,659,587,1834,167,28,1,10,5,32,6,0,0,21.06
2023-06-27,486,428,891,110,39,1,9,5,17,3,0,0,19.34
2023-06-28,705,631,1340,114,36,1,11,9,27,5,0,0,22.08
2023-06-29,820,736,3157,231,45,1,6,12,22,4,0,0,21.71
2023-06-30,1027,881,2277,133,42,1,14,9,16,2,0,0,39.37
2023-07-01,942,810,2481,158,58,1,13,13,15,1,0,0,34.09
2023-07-02,579,516,1766,183,20,0,4,7,14,0,0,0,23.02
2023-07-03,618,546,2647,257,39,2,11,8,24,2,0,0,28.72
2023-07-04,788,770,1510,115,25,1,16,10,26,2,0,0,33.8
2023-07-05,853,731,2204,155,63,2,15,5,45,8,0,0,34.77
2023-07-06,953,884,2605,164,73,1,18,14,34,2,0,0,27.28
2023-07-07,763,701,2365,186,37,1,11,6,17,2,0,0,34.58
2023-07-08,1122,1085,4432,237,48,2,10,11,32,1,0,0,32.86
2023-07-09,573,556,917,96,30,1,11,9,17,1,0,0,19.69
2023-07-10,619,540,1744,169,30,1,8,8,0,0,0,0,25.89
2023-07-11,735,703,2413,197,43,1,7,4,29,5,0,0,25.69
2023-07-12,755,657,2529,201,46,2,10,4,24,4,0,0,18.57
2023-07-13,755,689,1346,107,55,2,6,6,23,2,0,0,37.35
2023-07-14,845,783,1324,94,49,2,13,8,17,3,0,0,29.04
2023-07-15,673,578,1335,119,50,1,7,6,26,5,0,0,29.12
2023-07-16,719,682,1318,110,43,1,14,8,9,1,0,0,36.65
2023-07-17,677,624,1704,151,49,2,13,4,21,4,0,0,34.51
2023-07-18,674,616,1797,160,42,1,4,4,24,2,0,0,25.91
2023-07-19,826,731,1845,134,64,2,8,6,31,6,0,0,30.3
2023-07-20,723,631,2675,222,53,2,9,9,26,2,0,0,31.37
2023-07-21,937,893,2811,180,31,2,7,12,28,4,0,0,32.9
2023-07-22,1024,1002,3618,212,62,2,12,8,33,6,0,0,25.24
2023-07-23,591,559,1546,157,27,1,4,6,26,4,0,0,32.17
2023-07-24,582,541,1387,143,22,1,6,3,34,3,0,0,34.61
2023-07-25,681,640,1419,125,24,1,12,7,26,1,0,0,23.96
2023-07-26,878,813,3585,245,54,2,14,8,29,4,0,0,19.94
2023-07-27,1224,1192,4039,198,43,2,19,15,61,4,0,0,29.14
2023-07-28,958,902,2682,168,52,1,14,14,49,3,0,0,28.38
2023-07-29,615,546,1496,146,34,1,11,5,33,3,0,0,24.79
2023-07-30,684,591,2474,217,33,1,5,5,28,4,0,0,32.71
2023-07-31,653,590,2808,258,31,1,4,8,13,1,0,0,20.92
2023-08-01,497,465,919,111,39,1,6,6,7,1,0,0,23.25
2023-08-02,600,558,1950,195,35,0,4,3,18,3,0,0,27.61
2023-08-03,806,722,2552,190,31,0,8,11,29,5,0,0,33.65
2023-08-04,790,703,1396,106,36,1,14,6,36,7,0,0,21.29
2023-08-05,760,660,2394,189,42,2,5,11,20,3,0,0,28.02
2023-08-06,634,550,1522,144,26,1,9,9,30,3,0,0,29.12
2023-08-07,585,505,2242,230,44,1,9,3,13,2,0,0,27.92
2023-08-08,633,562,1372,130,50,2,9,7,19,4,0,0,24.86
2023-08-09,891,828,3237,218,54,3,11,12,41,5,0,0,51.58
2023-08-10,962,859,4105,256,64,2,12,14,26,1,0,0,37.53
2023-08-11,708,655,2006,170,48,1,5,8,22,3,0,0,19.89
2023-08-12,1129,1103,2070,110,88,3,17,11,20,3,0,0,33.86
2023-08-13,661,562,2038,185,41,1,9,5,31,4,0,0,26.35
2023-08-14,478,422,1856,233,33,0,4,4,11,1,0,0,33.24
2023-08-15,589,528,1099,112,18,0,6,7,22,1,0,0,25.7
2023-08-16,749,721,2122,170,26,1,5,11,20,2,0,0,31.86
2023-08-17,958,910,1788,112,73,1,6,11,25,2,0,0,18.16
2023-08-18,1090,1056,2126,117,68,2,6,13,37,6,0,0,29.56
2023-08-19,758,662,1289,102,26,1,15,5,29,5,0,0,43.85
2023-08-20,772,742,1776,138,55,1,9,10,12,1,0,0,38.1
2023-08-21,534,490,2314,260,20,0,8,7,26,4,0,0,33.9
2023-08-22,735,713,2879,235,34,1,11,7,30,5,0,0,21.29
2023-08-23,860,826,1462,102,50,1,12,5,36,4,0,0,31.81
2023-08-24,868,738,1678,116,31,1,9,9,51,2,0,0,26.69
2023-08-25,846,740,2411,171,28,1,6,8,26,3,0,0,33.01
2023-08-26,828,770,3409,247,39,1,10,5,18,0,0,0,24.02
2023-08-27,533,506,1146,129,41,2,5,5,11,1,0,0,20.5
2023-08-28,660,565,1639,149,27,1,11,8,29,3,0,0,29.51
2023-08-29,587,514,1331,136,38,0,8,5,19,4,0,0,27.72
2023-08-30,824,769,2376,173,60,1,7,7,10,1,0,0,21.82
2023-08-31,955,898,1480,93,76,1,12,6,27,4,0,0,31.84
2023-09-01,696,616,2169,187,35,1,10,8,30,5,0,0,26.75
2023-09-02,728,669,3070,253,26,1,11,8,18,3,0,0,35.97
2023-09-03,643,571,1168,109,43,2,8,9,15,3,0,0,34.46
2023-09-04,646,560,2756,256,40,2,5,9,15,1,0,0,36.82
2023-09-05,730,629,2555,210,24,0,13,4,21,2,0,0,31.27
2023-09-06,1081,928,2901,161,39,0,16,11,48,7,0,0,40.75
2023-09-07,812,772,2274,168,58,3,9,8,27,1,0,0,19.56
2023-09-08,1199,1161,5056,253,89,2,8,10,14,3,0,0,22.45
2023-09-09,616,576,2177,212,46,1,12,8,19,1,0,0,24.82
2023-09-10,771,710,1863,145,46,2,13,7,31,6,0,0,30.36
2023-09-11,530,503,2014,228,33,0,3,3,9,1,0,0,36.98
2023-09-12,723,695,2567,213,27,1,13,7,23,1,0,0,29.44
2023-09-13,884,844,2166,147,54,2,16,6,47,5,0,0,24.61
2023-09-14,1134,1063,3213,170,50,2,20,6,45,1,0,0,31.74
2023-09-15,725,635,1426,118,44,2,6,6,29,5,0,0,24.02
2023-09-16,693,635,2853,247,31,1,9,7,22,2,0,0,35.21
2023-09-17,754,664,2036,162,57,2,11,10,15,0,0,0,34.95
2023-09-18,764,668,2572,202,30,1,14,6,45,1,0,0,37.61
2023-09-19,637,583,1359,128,35,2,13,6,26,4,0,0,34.13
2023-09-20,795,709,1272,96,63,2,9,10,28,5,0,0,37.53
2023-09-21,1228,1118,4380,214,94,3,11,14,62,5,0,0,31.27
2023-09-22,1046,1023,2406,138,39,2,12,14,28,3,0,0,20.55
2023-09-23,919,794,3722,243,67,3,14,11,23,1,0,0,21.57
2023-09-24,753,714,1443,115,53,2,11,11,18,2,0,0,37.19
2023-09-25,671,625,1029,92,24,1,6,8,25,4,0,0,36.82
2023-09-26,563,514,1952,208,22,1,9,8,10,1,0,0,30.79
2023-09-27,833,765,3318,239,54,2,15,5,17,3,0,0,30.0
2023-09-28,1071,1026,3695,207,65,1,15,13,19,1,0,0,28.98
2023-09-29,1082,994,3012,167,70,2,15,15,31,1,0,0,23.16
2023-09-30,849,812,2137,151,36,2,5,6,11,2,0,0,30.19
2023-10-01,837,782,2985,214,38,1,15,8,37,2,0,0,35.3
2023-10-02,660,584,1023,93,36,1,7,7,28,2,0,0,23.81
2023-10-03,640,572,2453,230,32,1,6,5,29,5,0,0,32.93
2023-10-04,630,575,1984,189,27,0,9,9,15,2,0,0,27.9
2023-10-05,1058,905,2328,132,35,1,5,12,40,6,0,0,26.65
2023-10-06,956,827,3091,194,48,1,6,9,33,6,0,0,35.69
2023-10-07,951,898,2488,157,68,1,18,12,19,1,0,0,32.72
2023-10-08,736,635,2846,232,30,0,12,9,12,0,0,0,20.24
2023-10-09,570,498,2214,233,24,1,3,3,9,1,0,0,30.34
2023-10-10,608,543,2503,247,37,1,10,6,26,4,0,0,24.12
2023-10-11,1003,973,3059,183,50,1,7,13,40,8,0,0,36.51
2023-10-12,910,866,2791,184,28,1,11,8,23,1,0,0,40.91
2023-10-13,1238,1107,2476,120,66,2,7,13,1,0,0,0,31.1
2023-10-14,812,735,3302,244,55,1,11,11,40,6,0,0,47.39
2023-10-15,833,801,3582,258,45,1,12,12,0,0,0,0,26.19
2023-10-16,683,588,2413,212,52,2,13,8,18,3,0,0,30.39
2023-10-17,1021,946,1991,117,74,1,15,7,16,1,0,0,33.08
2023-10-18,809,759,2710,201,48,1,11,6,22,4,0,0,37.95
2023-10-19,1245,1133,4938,238,43,1,8,16,39,7,0,0,36.8
2023-10-20,1029,950,2195,128,57,1,19,10,56,10,0,0,34.89
2023-10-21,1120,958,2651,142,62,2,19,7,28,5,0,0,27.82
2023-10-22,825,796,3121,227,35,1,13,12,8,1,0,0,28.92
2023-10-23,728,647,1104,91,25,1,8,4,28,4,0,0,20.46
2023-10-24,955,887,2754,173,53,2,15,9,29,4,0,0,28.76
2023-10-25,726,677,2589,214,34,1,14,4,13,1,0,0,24.01
2023-10-26,871,825,1945,134,44,1,15,6,39,6,0,0,17.64
2023-10-27,1141,1058,1921,101,51,2,14,15,45,8,0,0,30.66
2023-10-28,895,851,2760,185,56,1,6,7,0,0,0,0,28.35
2023-10-29,975,953,3608,222,51,2,9,12,11,0,0,0,29.34
2023-10-30,748,726,2232,179,46,2,9,10,16,3,0,0,20.3
2023-10-31,821,724,1245,91,45,0,8,11,33,6,0,0,40.09
2023-11-01,923,844,2108,137,68,1,18,6,39,6,0,0,15.88
2023-11-02,978,923,2804,172,30,1,10,11,39,4,0,0,31.02
2023-11-03,930,820,1550,100,56,2,18,5,32,3,0,0,26.86
2023-11-04,1002,961,3490,209,40,0,19,8,32,1,0,0,30.28
2023-11-05,934,854,3674,236,43,2,6,9,37,6,0,0,31.89
2023-11-06,765,699,1862,146,26,1,4,8,30,5,0,0,29.42
2023-11-07,1045,923,2630,151,71,2,17,13,49,9,0,0,28.37
2023-11-08,987,951,2369,144,79,3,14,6,53,11,0,0,36.29
2023-11-09,1208,1121,2134,106,59,3,14,15,68,7,0,0,27.45
2023-11-10,1067,1044,3841,216,69,2,17,10,51,5,0,0,20.29
2023-11-11,1047,1020,1710,98,40,2,11,14,62,10,0,0,17.06
2023-11-12,990,881,3614,219,68,1,17,11,37,1,0,0,24.59
2023-11-13,793,774,2458,186,44,0,8,9,16,2,0,0,32.84
2023-11-14,889,781,2460,166,45,2,12,13,37,6,0,0,36.56
2023-11-15,1256,1153,4605,220,55,1,16,18,42,4,0,0,38.06
2023-11-16,1239,1148,4006,194,87,2,7,14,43,3,0,0,37.62
2023-11-17,1177,1120,2236,114,71,3,10,13,28,4,0,0,21.98
2023-11-18,809,728,3101,230,45,1,14,5,36,1,0,0,25.17
2023-11-19,828,720,2194,159,29,1,11,7,33,4,0,0,25.96
2023-11-20,518,493,941,109,22,0,5,8,13,2,0,0,18.35
2023-11-21,631,618,2713,258,41,1,8,6,29,4,0,0,16.92
2023-11-22,996,953,3486,210,78,3,13,13,13,2,0,0,23.04
2023-11-23,1022,971,1737,102,56,2,17,12,26,2,0,0,38.58
2023-11-24,1123,1042,2920,156,67,3,17,10,65,9,0,0,26.67
2023-11-25,915,879,2516,165,41,1,11,9,51,6,0,0,21.45
2023-11-26,739,675,1786,145,33,1,11,7,27,1,0,0,33.42
2023-11-27,773,750,3311,257,36,2,15,9,40,3,0,0,35.95
2023-11-28,862,753,1997,139,55,3,12,5,37,6,0,0,21.98
2023-11-29,840,799,1316,94,33,1,7,8,44,4,0,0,33.04
2023-11-30,945,894,2221,141,74,3,14,11,58,3,0,0,29.23
2023-12-01,923,858,3830,249,69,1,10,7,29,3,0,0,38.18
2023-12-02,734,663,2398,196,58,2,13,7,15,1,0,0,25.9
2023-12-03,764,722,1273,100,54,1,11,10,37,2,0,0,39.81
2023-12-04,644,627,1213,113,27,1,6,5,33,5,0,0,34.11
2023-12-05,652,632,2575,237,27,1,6,7,20,2,0,0,27.08
2023-12-06,731,639,1718,141,56,1,6,6,25,3,0,0,38.87
2023-12-07,1100,1008,4308,235,66,1,20,15,14,1,0,0,31.25
2023-12-08,1151,1011,3587,187,39,1,12,16,29,1,0,0,28.96
2023-12-09,811,778,1879,139,40,2,6,7,27,1,0,0,27.03
2023-12-10,756,727,1336,106,28,1,7,6,16,2,0,0,27.13
2023-12-11,626,581,2233,214,45,2,5,9,23,1,0,0,20.59
2023-12-12,721,680,2151,179,35,1,8,8,38,7,0,0,39.2
2023-12-13,918,821,1821,119,68,3,5,6,38,3,0,0,37.66
2023-12-14,1194,1110,3602,181,75,3,20,13,44,8,0,0,36.34
2023-12-15,1485,1362,3737,151,66,2,24,7,74,7,0,0,25.39
2023-12-16,862,841,2945,205,28,1,16,13,29,5,0,0,27.18
2023-12-17,769,684,3294,257,31,0,8,4,26,5,0,0,29.33
2023-12-18,750,690,1262,101,43,1,8,8,29,4,0,0,30.06
2023-12-19,824,761,2554,186,60,1,12,12,33,3,0,0,26.21
2023-12-20,765,743,1683,132,51,2,12,6,23,1,0,0,23.41
2023-12-21,943,833,2546,162,44,1,6,10,38,3,0,0,28.05
2023-12-22,881,751,1527,104,44,1,6,10,42,4,0,0,24.75
2023-12-23,758,689,2451,194,40,1,15,6,35,2,0,0,27.84
2023-12-24,642,574,1423,133,19,1,13,6,24,4,0,0,32.92
2023-12-25,696,670,2575,222,55,2,10,10,8,1,0,0,39.95
2023-12-26,585,548,2408,247,26,1,3,8,33,2,0,0,27.52
2023-12-27,628,547,1853,177,22,1,8,5,5,0,0,0,18.69
2023-12-28,867,753,2832,196,47,1,15,5,29,4,0,0,18.28
2023-12-29,1006,890,3823,228,53,1,13,5,65,6,0,0,23.43
2023-12-30,957,846,2201,138,64,1,19,14,37,7,0,0,27.29
2023-12-31,753,660,1343,107,29,1,10,6,29,3,0,0,34.61
2024-01-01,605,577,1170,116,48,2,5,7,18,3,0,0,37.62
2024-01-02,630,608,1144,109,37,0,12,8,22,4,0,0,40.32
2024-01-03,674,623,1056,94,40,1,4,7,6,1,0,0,26.44
2024-01-04,902,855,1488,99,63,3,6,5,24,4,0,0,32.88
2024-01-05,861,749,2440,170,29,1,9,6,40,6,0,0,35.97
2024-01-06,1039,935,3481,201,67,2,7,15,45,9,0,0,34.81
2024-01-07,850,758,2026,143,67,1,15,7,37,7,0,0,24.18
2024-01-08,460,393,1886,246,32,1,9,6,16,2,0,0,38.26
2024-01-09,711,682,1256,106,28,1,14,6,25,1,0,0,30.23
2024-01-10,723,700,2061,171,53,2,14,5,28,1,0,0,33.77
2024-01-11,443,409,1063,144,35,2,8,4,16,0,0,0,33.44
2024-01-12,706,680,1883,160,56,1,12,6,14,1,0,0,42.64
2024-01-13,761,657,1839,145,59,1,5,5,19,2,0,0,26.98
2024-01-14,780,715,1534,118,40,1,12,7,25,3,0,0,19.51
2024-01-15,403,353,1135,169,32,2,8,6,12,1,0,0,23.65
2024-01-16,375,364,1112,178,23,0,3,4,6,1,0,0,28.93
2024-01-17,750,657,1812,145,24,0,14,9,36,3,0,0,25.06
2024-01-18,669,649,1784,160,39,1,11,4,19,3,0,0,13.65
2024-01-19,486,442,1750,216,37,2,4,5,10,1,0,0,35.07
2024-01-20,536,522,1662,186,34,1,10,4,31,1,0,0,32.61
2024-01-21,554,498,2133,231,28,1,4,8,21,4,0,0,33.27
2024-01-22,552,493,1159,126,24,1,6,5,8,0,0,0,24.5
2024-01-23,394,372,1340,204,27,1,3,2,12,0,0,0,40.51
2024-01-24,496,438,1099,133,34,2,9,7,11,2,0,0,39.11
2024-01-25,546,481,1383,152,43,1,3,4,15,2,0,0,30.42
2024-01-26,889,816,3719,251,56,1,8,11,37,5,0,0,32.37
2024-01-27,732,652,1281,105,55,1,7,9,11,2,0,0,23.12
2024-01-28,747,676,2004,161,37,0,14,11,26,3,0,0,31.71
2024-01-29,498,469,1768,213,17,0,3,4,12,2,0,0,41.07
2024-01-30,791,771,2030,154,49,1,9,6,21,4,0,0,35.31
2024-01-31,453,415,1284,170,34,1,8,6,6,0,0,0,36.6
2024-02-01,575,542,1322,138,42,0,8,7,11,2,0,0,39.26
2024-02-02,608,518,2321,229,39,1,8,8,5,1,0,0,35.01
2024-02-03,624,551,2538,244,37,0,9,6,17,3,0,0,33.82
2024-02-04,651,580,1063,98,20,1,7,9,13,3,0,0,18.32
2024-02-05,340,289,646,114,27,0,3,4,11,0,0,0,27.84
2024-02-06,541,530,1470,163,42,1,4,5,17,1,0,0,38.16
2024-02-07,613,548,1696,166,46,2,11,3,19,1,0,0,31.29
2024-02-08,722,691,1564,130,43,2,7,7,26,4,0,0,26.72
2024-02-09,826,731,3029,220,42,1,7,5,32,4,0,0,25.38
2024-02-10,530,504,1148,130,33,1,7,7,12,0,0,0,26.9
2024-02-11,446,380,1264,170,15,0,5,5,10,1,0,0,32.77
2024-02-12,510,469,1802,212,40,1,8,5,15,2,0,0,24.42
2024-02-13,443,426,1373,186,24,0,8,3,13,1,0,0,29.39
2024-02-14,576,536,1114,116,40,1,9,8,8,1,0,0,21.0
2024-02-15,438,429,869,119,25,1,8,4,14,1,0,0,35.0
2024-02-16,361,327,1053,175,13,1,6,2,10,2,0,0,23.78
2024-02-17,498,483,1303,157,20,1,4,5,15,1,0,0,30.73
2024-02-18,466,396,1949,251,29,1,8,3,13,1,0,0,28.22
2024-02-19,455,387,1547,204,30,1,3,6,12,1,0,0,33.07
2024-02-20,476,444,928,117,20,0,7,2,16,3,0,0,38.25
2024-02-21,599,522,1797,180,25,1,11,3,18,1,0,0,34.95
2024-02-22,467,442,1276,164,24,0,8,4,7,0,0,0,31.13
2024-02-23,347,330,804,139,20,1,4,3,6,1,0,0,33.33
2024-02-24,434,396,1526,211,23,0,5,4,8,2,0,0,37.08
2024-02-25,415,399,1252,181,19,1,6,5,13,1,0,0,31.99
2024-02-26,373,323,1144,184,22,1,6,4,5,1,0,0,41.96
2024-02-27,348,339,777,134,14,1,4,5,8,1,0,0,35.2
2024-02-28,608,533,1439,142,23,1,9,6,13,2,0,0,30.62
2024-02-29,633,612,1245,118,39,2,12,6,17,1,0,0,35.7
2024-03-01,638,565,1744,164,27,1,7,6,17,2,0,0,25.44
2024-03-02,476,448,1000,126,31,1,6,3,7,0,0,0,24.6
2024-03-03,523,466,1560,179,17,0,6,4,15,1,0,0,34.78
2024-03-04,576,495,2362,246,32,1,9,6,11,2,0,0,35.24
2024-03-05,428,384,1477,207,17,1,3,5,7,1,0,0,36.25
2024-03-06,748,670,1159,93,31,1,14,6,6,0,0,0,40.71
2024-03-07,670,620,2367,212,51,2,9,7,16,2,0,0,35.42
2024-03-08,619,529,1940,188,29,1,12,4,14,1,0,0,31.38
2024-03-09,526,485,2244,256,19,1,6,5,6,1,0,0,35.31
2024-03-10,546,512,2339,257,19,1,5,3,14,1,0,0,27.47
2024-03-11,205,190,776,227,14,1,3,3,6,1,0,0,30.08
2024-03-12,561,508,1674,179,27,1,11,5,13,3,0,0,25.86
2024-03-13,571,522,980,103,30,1,9,4,19,3,0,0,31.29
2024-03-14,736,685,2294,187,25,0,12,4,8,1,0,0,27.69
2024-03-15,596,579,2285,230,47,2,4,7,11,2,0,0,13.77
2024-03-16,582,495,1319,136,36,2,11,4,6,1,0,0,24.28
2024-03-17,559,512,1239,133,42,1,8,8,7,0,0,0,39.09
2024-03-18,356,349,540,91,28,1,6,2,6,1,0,0,27.02
2024-03-19,561,478,1898,203,27,1,5,3,20,4,0,0,32.97
2024-03-20,563,547,1483,158,21,1,9,6,11,2,0,0,23.3
2024-03-21,727,684,2411,199,57,1,7,9,17,1,0,0,23.32
2024-03-22,893,798,2411,162,71,1,17,11,33,5,0,0,24.78
2024-03-23,785,757,3232,247,34,2,16,12,24,1,0,0,23.57
2024-03-24,595,548,1577,159,28,1,9,5,19,2,0,0,32.23
2024-03-25,923,793,3830,249,69,1,7,10,40,3,0,0,34.77
2024-03-26,1069,1035,3670,206,75,2,15,9,29,2,0,0,28.47
2024-03-27,1505,1298,3160,126,102,4,23,15,52,3,0,0,23.61
2024-03-28,2708,2408,7176,159,144,5,47,32,64,6,0,0,30.45
2024-03-29,3047,2765,8278,163,186,6,52,34,122,22,0,0,30.77
2024-03-30,1969,1740,6170,188,144,5,13,26,47,8,0,0,33.71
2024-03-31,1164,1050,3337,172,75,1,20,17,35,7,0,0,32.06
2024-04-01,833,712,3554,256,65,2,15,8,20,1,0,0,32.2
2024-04-02,988,872,3968,241,54,1,12,11,15,1,0,0,23.69
2024-04-03,1167,1052,1945,100,80,1,18,17,23,2,0,0,34.88
2024-04-04,912,780,1474,97,51,1,18,8,28,3,0,0,35.55
2024-04-05,1086,1038,2172,120,81,4,22,8,16,3,0,0,32.97
2024-04-06,631,565,2135,203,36,1,5,6,11,1,0,0,39.49
2024-04-07,663,640,2453,222,29,0,5,8,8,0,0,0,21.66
2024-04-08,642,567,2097,196,23,0,13,9,15,3,0,0,32.16
2024-04-09,577,546,1529,159,42,1,11,3,15,2,0,0,28.6
2024-04-10,738,674,1931,157,44,2,7,8,21,4,0,0,28.48
2024-04-11,583,554,1458,150,30,1,8,5,10,0,0,0,26.68
2024-04-12,777,661,2422,187,26,1,9,9,14,3,0,0,36.81
2024-04-13,568,555,2215,234,44,2,4,7,2,0,0,0,32.39
2024-04-14,376,333,1047,167,13,0,2,5,13,2,0,0,24.86
2024-04-15,415,381,1224,177,17,1,6,6,9,1,0,0,17.75
2024-04-16,608,534,1165,115,40,2,12,7,21,2,0,0,29.59
2024-04-17,640,614,2325,218,33,2,4,6,14,1,0,0,35.8
2024-04-18,696,611,1125,97,27,0,9,6,7,0,0,0,35.47
2024-04-19,494,463,823,100,36,1,10,5,13,1,0,0,30.91
2024-04-20,574,557,2239,234,35,1,7,4,10,1,0,0,29.62
2024-04-21,348,310,847,146,28,1,7,3,12,1,0,0,26.49
2024-04-22,560,498,1512,162,27,1,10,4,19,0,0,0,33.32
2024-04-23,375,328,1619,259,12,0,4,5,6,0,0,0,29.57
2024-04-24,521,452,1902,219,25,0,6,6,10,2,0,0,32.13
2024-04-25,599,519,1597,160,31,1,6,3,15,3,0,0,27.82
2024-04-26,709,679,1796,152,29,1,7,4,11,1,0,0,36.44
2024-04-27,428,374,934,131,32,1,3,5,16,3,0,0,30.96
2024-04-28,519,504,1496,173,34,2,4,6,2,0,0,0,24.17
2024-04-29,283,242,637,135,9,0,3,4,4,1,0,0,42.34
2024-04-30,478,407,1060,133,31,2,4,3,15,2,0,0,37.07
2024-05-01,426,381,674,95,27,1,6,6,6,0,0,0,25.13
2024-05-02,326,292,788,145,14,0,4,5,10,0,0,0,27.26
2024-05-03,669,643,1896,170,22,1,13,6,14,1,0,0,27.09
2024-05-04,460,411,1679,219,30,0,9,3,4,0,0,0,39.92
2024-05-05,277,270,919,199,20,0,3,4,6,1,0,0,33.73
2024-05-06,411,368,973,142,20,1,8,4,11,0,0,0,36.49
2024-05-07,421,380,1081,154,27,1,7,4,8,1,0,0,24.87
2024-05-08,695,649,1992,172,27,1,4,9,25,1,0,0,32.39
2024-05-09,798,758,3099,233,49,1,7,9,19,3,0,0,10.91
2024-05-10,434,424,1599,221,18,1,9,3,4,0,0,0,33.28
2024-05-11,360,345,1380,230,26,0,5,2,6,0,0,0,32.99
2024-05-12,443,388,893,121,20,1,5,5,9,1,0,0,32.11
2024-05-13,203,177,822,243,12,0,3,2,8,0,0,0,32.73
2024-05-14,302,291,1153,229,21,1,2,4,3,0,0,0,24.25
2024-05-15,667,654,2568,231,39,1,4,8,18,2,0,0,24.7
2024-05-16,394,360,1615,246,12,0,2,3,5,0,0,0,25.47
2024-05-17,753,710,1820,145,41,1,15,5,31,4,0,0,30.62
2024-05-18,499,425,765,92,21,1,8,3,12,2,0,0,38.9
2024-05-19,346,294,859,149,22,0,5,3,8,1,0,0,25.01
2024-05-20,378,362,983,156,16,1,6,4,7,1,0,0,34.34
2024-05-21,218,195,723,199,7,0,4,2,4,1,0,0,31.33
2024-05-22,605,553,2128,211,28,1,12,4,16,0,0,0,34.9
2024-05-23,530,470,2261,256,20,0,7,5,13,2,0,0,34.78
2024-05-24,546,507,1738,191,19,0,4,4,15,2,0,0,29.9
2024-05-25,735,656,2070,169,27,1,7,5,16,3,0,0,34.7
2024-05-26,353,313,1159,197,21,0,5,5,7,0,0,0,38.36
2024-05-27,343,292,572,100,26,0,3,5,6,1,0,0,31.53
2024-05-28,577,515,1991,207,19,1,10,7,19,1,0,0,42.65
2024-05-29,640,608,1696,159,42,2,13,9,16,3,0,0,25.28
2024-05-30,620,543,2005,194,35,1,5,4,9,1,0,0,31.16
2024-05-31,542,479,1066,118,27,1,9,6,11,0,0,0,39.44
2024-06-01,540,512,927,103,21,1,9,8,11,1,0,0,26.5
2024-06-02,801,685,2310,173,53,2,7,11,20,3,0,0,35.76
2024-06-03,308,300,1201,234,22,1,3,2,9,1,0,0,26.56
2024-06-04,459,423,1844,241,25,1,4,6,12,1,0,0,31.12
2024-06-05,394,338,749,114,29,1,3,5,9,0,0,0,35.26
2024-06-06,687,588,1065,93,37,2,7,5,26,1,0,0,30.44
2024-06-07,474,455,1951,247,35,0,9,5,4,1,0,0,24.67
2024-06-08,684,619,2816,247,48,1,4,6,13,0,0,0,32.17
2024-06-09,625,541,1625,156,40,1,5,3,11,2,0,0,19.95
2024-06-10,587,541,1908,195,35,1,10,5,15,3,0,0,28.13
2024-06-11,652,612,2391,220,35,1,8,5,3,0,0,0,21.95
2024-06-12,671,611,1655,148,51,1,4,6,21,1,0,0,19.17
2024-06-13,1112,970,3410,184,38,1,12,13,34,6,0,0,36.26
2024-06-14,923,900,1523,99,43,1,13,8,34,5,0,0,29.93
2024-06-15,885,819,2950,200,58,2,7,9,36,5,0,0,22.56
2024-06-16,787,755,2492,190,45,2,14,6,19,3,0,0,31.37
2024-06-17,767,709,2071,162,50,1,4,6,18,2,0,0,34.74
2024-06-18,894,837,3695,248,35,1,7,10,17,2,0,0,25.76
2024-06-19,888,811,1465,99,29,1,5,10,26,2,0,0,18.87
2024-06-20,1212,1173,4161,206,67,1,13,15,23,3,0,0,35.34
2024-06-21,1255,1129,4706,225,95,3,16,10,21,1,0,0,28.93
2024-06-22,1346,1302,2804,125,90,3,16,14,47,9,0,0,27.22
2024-06-23,959,855,3436,215,56,1,6,10,23,2,0,0,31.94
2024-06-24,702,620,1521,130,37,1,4,6,14,1,0,0,41.54
2024-06-25,765,709,2295,180,51,2,14,4,23,1,0,0,34.81
2024-06-26,824,704,1607,117,60,2,12,12,24,1,0,0,24.44
2024-06-27,632,613,948,90,40,1,10,8,19,2,0,0,13.7
2024-06-28,613,546,2146,210,45,2,5,5,13,2,0,0,30.67
2024-06-29,622,576,1037,100,37,1,9,4,9,2,0,0,29.54
2024-06-30,567,490,1786,189,31,1,5,7,12,1,0,0,34.46
2024-07-01,704,666,2089,178,36,2,13,7,19,1,0,0,30.4
2024-07-02,753,665,1619,129,43,2,14,5,16,3,0,0,16.01
2024-07-03,537,479,1450,162,26,1,9,5,12,2,0,0,35.75
2024-07-04,509,468,1239,146,32,1,4,6,3,0,0,0,30.73
2024-07-05,1037,990,2662,154,54,2,10,14,14,2,0,0,25.95
2024-07-06,715,686,3063,257,49,2,10,8,5,1,0,0,33.52
2024-07-07,690,668,2415,210,47,1,5,6,19,3,0,0,28.96
2024-07-08,588,537,970,99,45,2,11,5,6,1,0,0,32.06
2024-07-09,599,533,938,94,23,1,3,6,10,2,0,0,35.38
2024-07-10,504,450,1848,220,35,1,9,4,7,1,0,0,27.75
2024-07-11,429,406,894,125,19,1,7,5,5,0,0,0,30.65
2024-07-12,801,781,2363,177,35,1,10,7,19,4,0,0,31.69
2024-07-13,748,671,3142,252,34,1,8,11,14,1,0,0,38.12
2024-07-14,537,463,1826,204,34,1,7,5,13,1,0,0,25.06
2024-07-15,574,516,1588,166,27,1,6,5,11,1,0,0,24.9
2024-07-16,582,506,2357,243,31,1,7,8,14,1,0,0,35.5
2024-07-17,737,696,3009,245,57,1,9,8,15,3,0,0,40.28
2024-07-18,926,878,1636,106,32,1,18,8,25,2,0,0,24.87
2024-07-19,1177,1032,3590,183,37,2,20,9,23,3,0,0,28.22
2024-07-20,742,695,3067,248,26,1,14,10,16,2,0,0,30.39
2024-07-21,759,670,1746,138,31,1,12,6,5,0,0,0,26.41
2024-07-22,655,582,2391,219,24,1,5,3,18,1,0,0,35.9
2024-07-23,550,504,962,105,23,1,10,4,9,0,0,0,31.47
2024-07-24,590,528,2527,257,29,1,8,5,12,0,0,0,28.8
2024-07-25,940,848,3118,199,75,2,14,7,24,4,0,0,36.62
2024-07-26,795,695,2478,187,63,1,8,9,11,0,0,0,41.69
2024-07-27,859,738,2004,140,57,1,17,8,19,2,0,0,34.26
2024-07-28,742,664,3042,246,34,1,5,5,16,2,0,0,24.56
2024-07-29,625,600,2552,245,38,1,3,8,21,1,0,0,24.76
2024-07-30,885,842,1386,94,36,1,6,9,13,2,0,0,21.02
2024-07-31,593,518,2471,250,41,1,7,4,11,0,0,0,47.5
2024-08-01,668,600,1837,165,46,1,10,4,18,3,0,0,29.57
2024-08-02,1088,970,4606,254,53,3,21,14,6,1,0,0,33.81
2024-08-03,801,694,3111,233,59,3,13,10,20,1,0,0,21.55
2024-08-04,876,846,2409,165,63,2,8,13,15,1,0,0,27.59
2024-08-05,676,579,1949,173,37,2,5,5,17,1,0,0,32.74
2024-08-06,604,555,1742,173,45,1,10,5,17,1,0,0,38.82
2024-08-07,902,867,1804,120,71,2,13,12,21,2,0,0,31.73
2024-08-08,1010,909,3165,188,70,1,9,8,24,2,0,0,29.3
2024-08-09,784,753,1855,142,62,2,8,7,11,2,0,0,35.17
2024-08-10,1034,888,2826,164,47,1,16,14,15,2,0,0,31.19
2024-08-11,696,595,2042,176,26,1,4,5,13,2,0,0,35.54
2024-08-12,758,705,1364,108,46,0,13,11,18,3,0,0,22.93
2024-08-13,821,758,1957,143,35,1,9,5,13,1,0,0,29.27
2024-08-14,874,744,1923,132,37,1,17,9,20,3,0,0,24.64
2024-08-15,1137,1000,3240,171,50,2,19,12,10,0,0,0,28.41
2024-08-16,1311,1229,5222,239,55,2,24,12,44,2,0,0,31.39
2024-08-17,1165,1125,2136,110,93,3,16,11,35,4,0,0,31.55
2024-08-18,845,787,1690,120,28,0,16,12,25,1,0,0,22.39
2024-08-19,718,633,1496,125,30,1,9,6,12,1,0,0,33.12
2024-08-20,784,672,2731,209,28,1,16,5,19,4,0,0,21.31
2024-08-21,965,825,1850,115,75,3,7,13,17,1,0,0,38.05
2024-08-22,1172,1083,3887,199,47,2,16,15,37,2,0,0,23.98
2024-08-23,1320,1169,5192,236,83,3,24,15,36,4,0,0,37.85
2024-08-24,1151,987,2743,143,44,1,19,8,23,1,0,0,33.63
2024-08-25,859,768,1804,126,52,2,15,9,18,1,0,0,26.78
2024-08-26,802,765,2125,159,29,1,16,5,17,2,0,0,24.68
2024-08-27,1157,994,4705,244,39,1,20,7,22,2,0,0,33.32
2024-08-28,1295,1249,2806,130,46,1,23,14,25,3,0,0,24.81
2024-08-29,1201,1108,2582,129,91,4,19,9,30,5,0,0,31.97
2024-08-30,1452,1382,4332,179,99,3,22,12,39,1,0,0,23.92
2024-08-31,1444,1236,3490,145,97,3,21,18,25,3,0,0,24.05
2024-09-01,944,832,2627,167,58,1,10,12,12,0,0,0,29.94
2024-09-02,1183,1029,4456,226,40,1,8,11,33,3,0,0,34.39
2024-09-03,1130,1037,2392,127,69,1,11,7,30,4,0,0,28.8
2024-09-04,1827,1781,6577,216,65,3,14,17,31,3,0,0,38.39
2024-09-05,1503,1432,5661,226,93,4,24,19,43,8,0,0,28.78
2024-09-06,1737,1653,5269,182,114,2,9,20,41,5,0,0,28.87
2024-09-07,1655,1563,3420,124,125,6,19,16,45,7,0,0,26.88
2024-09-08,1364,1206,3910,172,86,4,24,9,31,4,0,0,31.87
2024-09-09,1452,1354,2928,121,94,4,11,16,35,5,0,0,32.53
2024-09-10,1296,1239,3002,139,94,4,12,17,45,5,0,0,29.51
2024-09-11,1843,1571,4915,160,75,2,19,17,56,3,0,0,22.45
2024-09-12,1901,1764,3739,118,98,4,35,27,32,3,0,0,30.92
2024-09-13,1824,1716,6323,208,145,3,16,13,40,3,0,0,31.56
2024-09-14,2138,1935,6058,170,67,2,25,25,54,11,0,0,26.18
2024-09-15,1803,1719,4147,138,122,6,14,13,51,9,0,0,22.24
2024-09-16,1808,1636,4671,155,137,2,11,26,46,7,0,0,25.8
2024-09-17,1571,1450,4922,188,85,2,23,19,46,5,0,0,39.42
2024-09-18,2050,1878,5603,164,113,4,22,18,0,0,0,0,24.68
2024-09-19,2182,2050,8583,236,122,4,41,24,66,2,0,0,26.7
2024-09-20,2540,2210,8255,195,88,4,37,16,52,2,0,0,30.69
2024-09-21,2256,2099,8610,229,141,4,28,28,56,9,0,0,26.93
2024-09-22,2068,1928,7652,222,79,2,20,19,41,6,0,0,27.53
2024-09-23,1973,1789,6971,212,114,4,12,29,38,2,0,0,24.39
2024-09-24,1955,1817,5800,178,133,1,11,25,52,3,0,0,28.22
2024-09-25,2114,1823,4122,117,145,7,16,24,69,5,0,0,35.3
2024-09-26,2589,2486,4142,96,130,1,43,27,68,10,0,0,32.41
2024-09-27,2727,2398,10090,222,137,6,39,17,6,0,0,0,30.03
2024-09-28,2644,2415,4803,109,211,4,25,33,73,8,0,0,25.23
2024-09-29,2210,1899,4752,129,99,4,23,13,36,6,0,0,33.33
2024-09-30,1861,1766,6917,223,144,3,13,20,50,9,0,0,39.62
2024-10-01,2575,2269,8498,198,195,5,30,26,51,8,0,0,36.41
2024-10-02,3160,2765,12271,233,205,7,24,20,57,5,0,0,30.26
2024-10-03,2820,2590,4888,104,215,7,26,27,55,7,0,0,33.29
2024-10-04,3000,2772,10300,206,94,1,48,37,84,10,0,0,34.82
2024-10-05,2724,2411,6356,140,174,7,37,23,88,17,0,0,34.95
2024-10-06,2554,2283,9322,219,101,3,50,37,49,2,0,0,20.38
2024-10-07,1960,1768,7873,241,73,3,12,12,45,7,0,0,24.88
2024-10-08,2114,1945,3312,94,108,4,12,16,70,7,0,0,29.88
2024-10-09,2805,2674,6124,131,134,4,22,19,44,4,0,0,39.7
2024-10-10,2879,2816,4798,100,140,6,42,43,59,8,0,0,27.52
2024-10-11,3593,3324,12935,216,149,4,23,26,37,3,0,0,24.54
2024-10-12,3119,2815,8317,160,149,3,41,26,92,18,0,0,32.51
2024-10-13,3205,2859,9615,180,147,5,39,44,119,22,0,0,26.95
2024-10-14,2104,1804,4103,117,141,4,41,18,36,2,0,0,42.71
2024-10-15,1979,1691,4156,126,149,7,20,28,25,5,0,0,39.39
2024-10-16,3190,2717,11697,220,228,6,31,22,59,11,0,0,24.0
2024-10-17,3885,3463,9324,144,300,12,42,29,130,23,0,0,17.41
2024-10-18,3993,3813,6522,98,292,14,58,56,87,11,0,0,32.81
2024-10-19,3570,3069,7259,122,265,7,60,45,58,8,0,0,25.48
2024-10-20,2392,2322,8811,221,133,1,28,20,56,6,0,0,37.98
2024-10-21,2544,2417,4198,99,184,5,44,35,77,8,0,0,38.25
2024-10-22,2699,2418,5938,132,168,7,41,30,38,1,0,0,24.21
2024-10-23,3673,3199,7162,117,280,14,45,53,90,6,0,0,21.75
2024-10-24,4120,3840,14557,212,307,15,24,46,84,3,0,0,31.75
2024-10-25,3727,3423,11057,178,137,4,30,41,125,13,0,0,26.45
2024-10-26,2998,2631,5646,113,215,4,36,34,40,2,0,0,26.96
2024-10-27,3349,2949,9545,171,268,5,42,34,31,5,0,0,28.7
2024-10-28,2853,2673,7988,168,182,7,25,42,54,10,0,0,42.08
2024-10-29,2587,2371,6468,150,188,3,19,16,48,9,0,0,29.4
2024-10-30,3326,3184,6319,114,234,11,21,34,59,9,0,0,27.5
2024-10-31,5064,4751,20678,245,159,5,49,39,97,14,0,0,32.16
2024-11-01,4620,4083,14630,190,202,5,50,57,65,3,0,0,29.9
2024-11-02,3036,2821,5870,116,189,9,58,24,66,3,0,0,32.92
2024-11-03,2875,2520,8194,171,104,1,49,19,38,1,0,0,24.62
2024-11-04,3258,2944,7602,140,252,4,49,45,48,9,0,0,33.6
2024-11-05,3578,3231,8170,137,119,4,31,53,29,5,0,0,27.32
2024-11-06,3354,3138,11180,200,206,6,19,27,40,1,0,0,35.56
2024-11-07,3928,3758,9885,151,244,6,49,23,37,6,0,0,33.53
2024-11-08,5347,5046,10516,118,381,13,39,46,78,11,0,0,42.58
2024-11-09,6497,5846,11045,102,449,20,122,85,53,4,0,0,29.52
2024-11-10,5289,5146,8903,101,353,15,67,56,65,7,0,0,29.69
2024-11-11,5917,5798,19625,199,199,6,114,64,89,2,0,0,35.23
2024-11-12,6293,5940,13215,126,235,9,47,39,64,6,0,0,39.54
2024-11-13,5685,5049,17244,182,385,13,59,55,64,12,0,0,27.16
2024-11-14,5603,5444,14755,158,184,5,61,49,78,13,0,0,42.71
2024-11-15,5424,4658,12294,136,384,18,79,56,62,10,0,0,26.86
2024-11-16,5058,4445,16186,192,273,7,27,67,71,6,0,0,25.99
2024-11-17,4375,3910,15896,218,140,3,44,50,49,5,0,0,33.5
2024-11-18,3477,3123,6606,114,163,4,65,22,36,7,0,0,29.61
2024-11-19,2979,2906,9533,192,192,9,21,32,51,3,0,0,27.55
2024-11-20,3598,3062,9715,162,176,5,68,51,51,3,0,0,32.24
2024-11-21,3733,3604,8461,136,126,3,52,22,53,6,0,0,24.19
2024-11-22,3415,3056,10074,177,232,3,59,22,58,2,0,0,32.24
2024-11-23,3665,3529,12889,211,288,11,22,27,63,8,0,0,32.21
2024-11-24,2442,2110,8506,209,88,4,36,36,48,9,0,0,22.81
2024-11-25,2465,2166,4684,114,77,3,42,37,24,4,0,0,24.06
2024-11-26,2658,2444,9968,225,119,6,18,40,39,4,0,0,27.31
2024-11-27,3280,3193,10277,188,166,7,44,20,63,6,0,0,36.86
2024-11-28,3486,3184,5868,101,151,4,42,34,44,7,0,0,39.72
2024-11-29,3665,3501,11972,196,172,3,38,44,25,3,0,0,30.28
2024-11-30,2975,2906,5603,113,143,2,43,32,28,2,0,0,37.69
2024-12-01,2441,2274,5085,125,139,6,43,36,25,5,0,0,16.23
2024-12-02,2499,2419,6706,161,76,2,22,28,18,0,0,0,22.47
2024-12-03,3003,2807,7858,157,219,11,32,28,40,5,0,0,28.29
2024-12-04,2940,2602,9653,197,195,10,25,24,34,6,0,0,29.92
2024-12-05,4065,3582,12602,186,311,15,68,42,63,7,0,0,23.7
2024-12-06,4071,3538,15673,231,160,4,72,33,43,2,0,0,29.12
2024-12-07,3345,3229,7749,139,182,3,29,48,56,9,0,0,21.28
2024-12-08,2786,2668,4411,95,194,2,14,15,42,7,0,0,27.42
2024-12-09,2669,2526,9920,223,151,7,27,37,29,4,0,0,36.25
2024-12-10,2693,2537,7451,166,185,2,51,16,22,1,0,0,23.44
2024-12-11,3397,3241,8209,145,169,5,32,40,22,4,0,0,26.28
2024-12-12,3699,3452,14919,242,250,4,69,23,37,4,0,0,30.25
2024-12-13,3637,3161,10244,169,138,6,51,34,7,1,0,0,29.31
2024-12-14,2997,2672,7343,147,103,2,54,21,23,4,0,0,38.09
2024-12-15,2695,2608,7726,172,208,3,18,21,18,2,0,0,25.82
2024-12-16,2533,2316,6670,158,112,5,50,31,21,1,0,0,22.28
2024-12-17,3171,2739,13212,250,221,5,21,23,37,1,0,0,30.53
2024-12-18,2859,2715,8291,174,101,3,55,42,10,2,0,0,41.96
2024-12-19,3356,3090,8670,155,264,9,57,25,11,1,0,0,37.46
2024-12-20,3725,3412,12168,196,151,7,55,53,63,2,0,0,41.44
2024-12-21,3119,2765,8317,160,147,7,32,24,29,3,0,0,28.74
2024-12-22,2976,2683,5902,119,214,4,46,32,28,3,0,0,39.33
2024-12-23,2621,2555,8737,200,86,3,29,30,23,4,0,0,31.47
2024-12-24,2414,2221,6397,159,191,6,41,18,30,2,0,0,27.27
2024-12-25,3387,2922,12871,228,137,3,67,18,49,5,0,0,23.72
2024-12-26,3471,3086,9834,170,259,7,36,47,15,1,0,0,39.82
2024-12-27,3753,3622,15262,244,175,4,57,46,27,4,0,0,37.97
2024-12-28,3083,2912,10277,200,155,7,38,36,39,5,0,0,22.9
2024-12-29,2884,2630,11103,231,115,3,42,26,25,2,0,0,30.26
2024-12-30,1941,1763,5791,179,66,2,23,10,22,4,0,0,29.38
2024-12-31,2438,2238,6379,157,117,3,29,22,22,3,0,0,33.08
2025-01-01,2814,2548,11913,254,143,6,25,21,2,0,0,0,34.27
2025-01-02,3475,3305,12278,212,112,2,69,18,29,1,0,0,23.43
2025-01-03,3017,2756,7341,146,128,2,40,43,31,1,0,0,29.4
2025-01-04,2583,2261,7534,175,135,3,20,31,11,0,0,0,40.56
2025-01-05,2353,2006,7216,184,160,8,13,19,21,1,0,0,30.84
2025-01-06,2359,2141,10026,255,85,2,35,23,24,2,0,0,24.85
2025-01-07,2103,2014,8798,251,121,2,26,26,20,1,0,0,27.74
2025-01-08,2854,2660,4614,97,173,2,43,42,41,7,0,0,23.58
2025-01-09,3165,2694,6014,114,176,5,45,35,17,1,0,0,32.22
2025-01-10,2951,2619,7771,158,167,5,46,20,24,2,0,0,26.86
2025-01-11,3304,3132,10793,196,144,4,31,19,18,1,0,0,24.33
2025-01-12,2450,2103,8493,208,87,2,40,17,31,4,0,0,32.69
2025-01-13,1790,1724,3222,108,142,3,30,19,17,2,0,0,33.87
2025-01-14,1907,1781,6547,206,102,4,37,23,15,2,0,0,33.36
2025-01-15,2401,2052,4962,124,134,2,22,14,23,5,0,0,22.48
2025-01-16,1907,1731,8168,257,131,3,13,13,24,2,0,0,36.83
2025-01-17,3239,3121,10149,188,234,3,51,43,37,1,0,0,30.3
2025-01-18,2610,2498,7004,161,153,6,48,31,14,1,0,0,30.11
2025-01-19,2161,2027,4970,138,154,6,14,14,23,4,0,0,30.98
2025-01-20,1634,1565,5692,209,68,3,20,13,18,1,0,0,24.64
2025-01-21,1659,1544,7051,255,71,3,23,24,11,1,0,0,25.84
2025-01-22,2636,2498,5140,117,88,4,18,34,20,3,0,0,19.5
2025-01-23,2150,1943,7955,222,170,3,37,25,25,5,0,0,38.68
2025-01-24,2504,2303,4549,109,89,4,41,31,21,3,0,0,24.1
2025-01-25,2519,2329,10874,259,110,3,33,32,21,1,0,0,35.52
2025-01-26,1760,1559,4957,169,89,4,27,13,14,1,0,0,31.19
2025-01-27,1399,1274,4337,186,53,2,23,14,17,3,0,0,28.24
2025-01-28,1735,1489,5899,204,61,1,20,19,9,1,0,0,18.08
2025-01-29,1627,1401,3715,137,74,2,13,19,11,2,0,0,31.54
2025-01-30,2333,2003,6416,165,91,4,44,28,36,7,0,0,27.89
2025-01-31,2504,2167,4716,113,168,5,34,34,27,1,0,0,28.74
2025-02-01,2383,2264,10207,257,92,4,32,22,28,6,0,0,28.05
2025-02-02,2134,2010,3734,105,69,2,38,19,19,4,0,0,16.02
2025-02-03,1884,1784,5683,181,109,5,14,19,11,0,0,0,31.88
2025-02-04,2223,2011,9040,244,104,2,41,11,16,0,0,0,20.04
2025-02-05,3108,2857,6838,132,107,1,16,18,23,2,0,0,25.89
2025-02-06,2705,2545,11632,258,152,4,17,19,14,1,0,0,27.31
2025-02-07,2693,2501,10592,236,134,5,45,20,14,2,0,0,26.23
2025-02-08,2230,2037,6839,184,114,5,25,29,5,0,0,0,33.75
2025-02-09,2050,1849,7722,226,106,5,37,11,6,0,0,0,28.17
2025-02-10,1895,1835,7454,236,64,2,29,19,4,1,0,0,32.46
2025-02-11,1912,1653,8158,256,104,4,16,16,5,0,0,0,27.59
2025-02-12,2536,2325,5410,128,79,2,24,22,3,0,0,0,32.99
2025-02-13,2365,2119,10170,258,80,4,15,15,2,0,0,0,37.97
2025-02-14,2472,2331,7210,175,94,5,37,28,8,1,0,0,26.42
2025-02-15,2966,2822,6822,138,137,2,48,32,1,0,0,0,27.81
2025-02-16,2068,1879,3619,105,126,5,15,11,5,1,0,0,30.08
2025-02-17,1930,1748,5082,158,84,4,26,13,3,0,0,0,28.47
2025-02-18,2151,2102,9213,257,66,1,34,15,6,1,0,0,34.86
2025-02-19,2206,1985,6802,185,145,7,35,13,7,1,0,0,21.69
2025-02-20,2583,2348,7964,185,179,8,24,26,10,2,0,0,27.13
2025-02-21,2363,2060,7522,191,86,4,34,23,7,1,0,0,35.37
2025-02-22,2565,2340,8080,189,202,5,34,17,9,1,0,0,28.02
2025-02-23,1735,1507,6940,240,76,1,21,24,3,1,0,0,26.88
2025-02-24,1492,1280,4849,195,88,3,19,17,2,0,0,0,33.98
2025-02-25,1467,1284,2567,105,53,2,21,12,2,0,0,0,45.6
2025-02-26,1854,1739,6396,207,92,3,11,12,4,1,0,0,23.96
2025-02-27,2121,1949,8838,250,100,3,12,25,2,0,0,0,27.13
2025-02-28,2081,1839,5237,151,149,6,39,18,5,0,0,0,28.25
2025-03-01,1836,1615,6793,222,65,2,11,17,3,0,0,0,25.73
2025-03-02,1312,1130,5663,259,88,1,8,19,1,0,0,0,30.27
2025-03-03,1370,1210,2489,109,97,3,16,14,1,0,0,0,31.06
2025-03-04,1493,1343,4852,195,71,2,22,20,1,0,0,0,23.34
2025-03-05,1515,1388,5454,216,117,2,21,16,2,0,0,0,23.69
2025-03-06,1439,1271,5732,239,79,3,20,21,2,0,0,0,30.61
2025-03-07,2139,1935,3708,104,121,2,23,16,6,1,0,0,30.44
2025-03-08,1364,1224,4638,204,97,4,10,8,2,0,0,0,35.08
2025-03-09,1331,1162,2640,119,75,1,12,18,1,0,0,0,39.0
2025-03-10,1019,876,3465,204,42,2,11,6,1,0,0,0,23.7
2025-03-11,1025,960,1930,113,79,4,6,14,1,0,0,0,22.94
2025-03-12,1697,1511,3224,114,91,3,23,9,4,0,0,0,31.35
2025-03-13,1471,1439,4536,185,69,2,10,16,5,0,0,0,22.09
2025-03-14,1651,1578,3742,136,123,4,31,11,2,0,0,0,29.38
2025-03-15,1509,1441,4452,177,94,3,18,13,3,0,0,0,28.25
2025-03-16,1054,953,1827,104,44,1,9,8,2,0,0,0,35.51
2025-03-17,1097,1067,3145,172,53,2,11,14,1,0,0,0,31.32
2025-03-18,1022,912,4224,248,80,4,16,6,1,0,0,0,31.94
2025-03-19,1475,1418,6318,257,61,2,29,11,2,0,0,0,24.0
2025-03-20,1708,1504,3501,123,83,3,24,17,1,0,0,0,27.13
2025-03-21,1465,1435,4566,187,72,3,26,12,3,0,0,0,35.1
2025-03-22,1437,1246,2802,117,82,3,8,18,2,0,0,0,28.59
2025-03-23,898,837,1586,106,53,2,14,5,3,1,0,0,28.67
2025-03-24,1025,933,4254,249,67,2,13,10,5,1,0,0,33.5
2025-03-25,1176,1103,1823,93,86,3,12,10,8,1,0,0,27.6
2025-03-26,1338,1258,2007,90,44,2,23,12,11,1,0,0,37.05
2025-03-27,1690,1453,6506,231,55,1,17,24,13,2,0,0,22.25
2025-03-28,1329,1232,4120,186,81,3,11,7,6,0,0,0,30.75
2025-03-29,1383,1192,3918,170,99,2,24,7,3,0,0,0,27.03
2025-03-30,1440,1339,3672,153,61,1,28,10,3,0,0,0,30.93
2025-03-31,1393,1277,4086,176,70,3,26,10,4,1,0,0,27.02
2025-04-01,1150,1086,3603,188,65,1,18,11,3,1,0,0,29.93
2025-04-02,1930,1679,5468,170,108,2,25,22,5,1,0,0,29.98
2025-04-03,2633,2307,5090,116,188,9,19,33,5,1,0,0,29.84
2025-04-04,2359,2186,10026,255,77,1,46,18,8,0,0,0,28.96
2025-04-05,2487,2393,8704,210,141,5,17,25,5,1,0,0,31.93
2025-04-06,2072,1947,4766,138,77,3,26,15,4,0,0,0,25.84
2025-04-07,1772,1628,7472,253,116,3,21,25,6,0,0,0,28.12
2025-04-08,1996,1733,4258,128,114,1,14,24,9,1,0,0,28.93
2025-04-09,2311,2000,9591,249,127,2,29,20,6,1,0,0,33.43
2025-04-10,3042,2711,7352,145,98,2,60,25,9,1,0,0,33.79
2025-04-11,2891,2485,9733,202,171,5,21,32,10,1,0,0,33.83
2025-04-12,1845,1604,7688,250,66,2,10,17,2,0,0,0,37.07
2025-04-13,2107,1952,5373,153,116,1,17,30,5,1,0,0,32.95
2025-04-14,1791,1657,4328,145,69,2,30,12,6,0,0,0,28.35
2025-04-15,1724,1631,6810,237,54,1,29,24,8,1,0,0,30.35
2025-04-16,1870,1713,5579,179,104,4,16,16,3,0,0,0,14.72
2025-04-17,1556,1435,4279,165,48,2,12,12,4,1,0,0,34.23
2025-04-18,1864,1772,3542,114,65,2,14,24,6,1,0,0,35.56
2025-04-19,1522,1440,6113,241,51,2,11,14,4,0,0,0,28.17
2025-04-20,1272,1196,3053,144,64,3,8,14,2,0,0,0,43.24
2025-04-21,813,692,2629,194,59,1,13,7,2,0,0,0,28.4
2025-04-22,1013,985,3765,223,51,1,12,10,1,0,0,0,26.81
2025-04-23,1205,1171,5121,255,82,2,24,14,1,0,0,0,26.01
2025-04-24,1066,950,3038,171,82,4,13,14,1,0,0,0,37.65
2025-04-25,1089,981,3122,172,51,1,12,11,1,0,0,0,30.58
2025-04-26,945,803,1480,94,36,2,16,9,1,0,0,0,37.41
2025-04-27,821,759,2846,208,63,2,13,9,1,0,0,0,48.08
2025-04-28,683,644,2800,246,25,1,8,9,0,0,0,0,34.14
2025-04-29,740,657,3009,244,39,1,12,7,1,0,0,0,26.31
2025-04-30,868,814,1447,100,68,2,17,5,1,0,0,0,28.2
2025-05-01,1122,1012,3385,181,34,1,21,15,1,0,0,0,39.43
2025-05-02,890,868,1380,93,60,3,8,11,1,0,0,0,25.82
2025-05-03,1028,984,1936,113,32,1,7,6,1,0,0,0,21.62
2025-05-04,696,666,1763,152,42,1,4,6,1,0,0,0,30.72
2025-05-05,738,691,1414,115,27,1,14,8,1,0,0,0,31.83
2025-05-06,936,884,2855,183,69,3,16,6,1,0,0,0,32.99
2025-05-07,914,824,3504,230,52,2,6,12,2,0,0,0,36.78
2025-05-08,1034,895,2757,160,41,2,12,15,1,0,0,0,30.88
2025-05-09,1374,1279,2519,110,43,0,10,11,1,0,0,0,43.24
2025-05-10,1236,1139,2946,143,86,2,11,13,0,0,0,0,22.12
2025-05-11,792,706,2020,153,37,1,9,9,1,0,0,0,23.93
2025-05-12,678,635,1480,131,22,0,13,9,1,0,0,0,26.64
2025-05-13,697,607,1429,123,29,0,9,9,1,0,0,0,26.67
2025-05-14,743,710,1721,139,27,0,12,5,0,0,0,0,31.15
2025-05-15,1101,960,2587,141,63,3,22,15,1,0,0,0,21.56
2025-05-16,1337,1231,2652,119,84,1,15,8,2,0,0,0,28.31
2025-05-17,756,646,2255,179,60,1,9,6,1,0,0,0,28.58
2025-05-18,922,848,1767,115,50,1,12,6,1,0,0,0,34.27
2025-05-19,623,533,2461,237,26,1,5,5,1,0,0,0,43.66
2025-05-20,647,589,1963,182,39,0,11,7,1,0,0,0,34.65
2025-05-21,899,792,3012,201,56,1,14,5,2,0,0,0,18.63
2025-05-22,684,661,1208,106,49,1,10,8,3,1,0,0,35.87
2025-05-23,888,833,1376,93,69,1,7,7,5,0,0,0,26.97
2025-05-24,908,852,3027,200,42,1,14,11,7,1,0,0,26.57
2025-05-25,753,681,3062,244,23,0,9,7,8,1,0,0,30.26
2025-05-26,680,655,1768,156,27,1,10,6,9,1,0,0,22.92
2025-05-27,764,653,2076,163,51,2,6,5,12,1,0,0,29.19
2025-05-28,715,633,2109,177,35,0,10,5,12,1,0,0,31.92
2025-05-29,1006,945,1727,103,40,0,19,13,18,3,0,0,38.62
2025-05-30,1176,1087,4194,214,90,2,11,12,20,2,0,0,27.85
2025-05-31,866,822,2511,174,41,0,12,12,13,2,0,0,26.26
2025-06-01,722,635,1877,156,40,1,9,8,9,0,0,0,29.44
2025-06-02,652,601,2423,223,38,1,8,5,6,1,0,0,31.74
2025-06-03,923,843,2200,143,31,1,17,14,6,1,0,0,27.19
2025-06-04,986,949,3698,225,77,3,11,14,5,1,0,0,23.74
2025-06-05,894,780,3159,212,47,2,5,9,2,0,0,0,35.14
2025-06-06,906,832,1631,108,48,1,18,6,2,0,0,0,27.95
2025-06-07,920,821,3879,253,50,2,14,11,2,0,0,0,34.87
2025-06-08,542,495,1102,122,31,1,9,5,1,0,0,0,24.95
2025-06-09,617,542,1964,191,20,0,8,6,0,0,0,0,30.68
2025-06-10,685,618,1633,143,34,1,9,8,0,0,0,0,40.29
2025-06-11,884,770,2902,197,68,1,14,8,1,0,0,0,34.91
2025-06-12,1048,1000,3843,220,44,0,18,11,1,0,0,0,29.56
2025-06-13,1202,1033,2164,108,81,2,13,10,1,0,0,0,17.36
2025-06-14,1001,927,2803,168,56,2,14,7,1,0,0,0,26.47
2025-06-15,883,768,2311,157,38,1,15,5,1,0,0,0,42.07
2025-06-16,792,741,1373,104,55,1,11,6,0,0,0,0,29.22
2025-06-17,625,596,2552,245,41,1,10,4,1,0,0,0,32.0
2025-06-18,975,831,3380,208,69,1,13,14,1,0,0,0,31.48
2025-06-19,1126,1056,4429,236,86,4,12,14,1,0,0,0,29.38
2025-06-20,1058,975,3791,215,55,2,7,11,1,0,0,0,32.25
2025-06-21,1040,900,2791,161,81,1,12,9,1,0,0,0,33.38
2025-06-22,777,697,2473,191,31,0,9,4,1,0,0,0,17.53
2025-06-23,563,518,1070,114,40,1,8,4,0,0,0,0,33.52
2025-06-24,799,762,2996,225,63,2,7,12,0,0,0,0,37.85
2025-06-25,857,821,1657,116,47,1,11,7,1,0,0,0,29.44
2025-06-26,937,891,3514,225,52,1,10,9,1,0,0,0,37.02
2025-06-27,878,799,1888,129,51,2,16,7,1,0,0,0,32.92
2025-06-28,782,687,2724,209,32,1,12,5,1,0,0,0,35.7
2025-06-29,513,493,1667,195,19,1,5,4,1,0,0,0,47.47
2025-06-30,762,742,3112,245,29,1,5,7,1,0,0,0,35.57
2025-07-01,585,505,2262,232,37,1,5,9,1,0,0,0,19.16
2025-07-02,658,608,2391,218,29,1,10,9,1,0,0,0,28.96
2025-07-03,714,643,1726,145,28,0,6,5,1,0,0,0,28.06
2025-07-04,735,642,1470,120,30,1,11,8,1,0,0,0,25.32
2025-07-05,691,588,1440,125,48,1,13,8,0,0,0,0,25.61
2025-07-06,587,545,1213,124,25,1,4,6,1,0,0,0,24.68
2025-07-07,689,627,1700,148,50,2,12,8,0,0,0,0,36.51
2025-07-08,678,598,1040,92,29,1,7,9,1,0,0,0,33.47
2025-07-09,688,657,1273,111,50,1,5,8,1,0,0,0,36.13
2025-07-10,829,727,3275,237,31,1,4,9,1,0,0,0,31.13
2025-07-11,973,858,3860,238,64,2,13,13,1,0,0,0,12.86
2025-07-12,872,854,3546,244,50,1,17,10,1,0,0,0,34.04
2025-07-13,840,779,1554,111,59,2,12,9,0,0,0,0,28.09
2025-07-14,734,658,1284,105,22,1,9,7,1,0,0,0,31.57
2025-07-15,405,384,1586,235,30,1,6,3,0,0,0,0,32.64
2025-07-16,800,782,2787,209,30,1,15,10,1,0,0,0,30.48
2025-07-17,662,612,1490,135,43,1,10,4,1,0,0,0,19.37
2025-07-18,794,754,2250,170,57,1,8,9,1,0,0,0,30.69
2025-07-19,997,954,3872,233,45,2,13,14,2,0,0,0,24.97
2025-07-20,996,881,3586,216,30,1,19,11,1,0,0,0,13.43
2025-07-21,490,478,1592,195,28,1,5,4,0,0,0,0,32.58
2025-07-22,585,510,2116,217,24,1,8,4,1,0,0,0,22.44
2025-07-23,861,825,2382,166,30,1,6,10,0,0,0,0,27.74
2025-07-24,1241,1211,1944,94,99,4,15,14,2,0,0,0,33.91
2025-07-25,1105,1022,4475,243,78,1,16,11,1,0,0,0,29.45
2025-07-26,661,608,2721,247,51,2,11,8,1,0,0,0,29.57
2025-07-27,651,582,2235,206,43,2,12,6,1,0,0,0,27.29
2025-07-28,389,379,1660,256,20,0,8,3,0,0,0,0,21.96
2025-07-29,538,471,950,106,36,1,8,6,1,0,0,0,26.13
2025-07-30,802,714,2767,207,63,3,7,7,0,0,0,0,26.91
2025-07-31,887,766,2291,155,30,1,11,5,1,0,0,0,37.27
2025-08-01,876,745,1956,134,54,1,17,9,0,0,0,0,33.96
2025-08-02,884,807,2343,159,62,2,16,13,1,0,0,0,25.97
2025-08-03,766,743,2515,197,28,1,10,11,1,0,0,0,24.68
2025-08-04,643,551,2315,216,50,1,10,8,0,0,0,0,27.12
2025-08-05,752,718,1429,114,40,1,13,4,1,0,0,0,27.25
2025-08-06,844,767,2813,200,50,1,8,12,1,0,0,0,29.39
2025-08-07,862,831,1781,124,54,1,13,10,1,0,0,0,33.9
2025-08-08,946,886,2113,134,32,1,17,8,1,0,0,0,20.51
2025-08-09,715,649,1597,134,33,1,11,7,1,0,0,0,26.25
2025-08-10,896,869,1702,114,54,2,13,12,1,0,0,0,16.52
2025-08-11,720,619,1812,151,52,1,10,9,1,0,0,0,17.62
2025-08-12,769,750,1538,120,49,2,10,9,0,0,0,0,26.73
2025-08-13,820,781,2747,201,48,1,14,7,1,0,0,0,39.95
2025-08-14,816,742,2190,161,37,2,8,12,0,0,0,0,32.31
2025-08-15,923,902,3646,237,43,1,18,12,1,0,0,0,28.64
2025-08-16,803,735,3252,243,45,2,10,11,0,0,0,0,30.5
2025-08-17,568,504,1524,161,28,1,3,6,0,0,0,0,27.72
2025-08-18,510,482,1360,160,27,1,9,5,1,0,0,0,20.93
2025-08-19,737,695,1928,157,45,1,11,4,1,0,0,0,34.99
2025-08-20,790,674,1580,120,38,1,6,4,1,0,0,0,27.13
2025-08-21,734,659,2349,192,42,2,8,5,1,0,0,0,19.47
2025-08-22,1086,1003,2317,128,45,1,20,10,1,0,0,0,31.11
2025-08-23,990,925,2426,147,68,3,13,12,1,0,0,0,33.48
2025-08-24,907,880,2645,175,70,3,17,10,1,0,0,0,33.17
2025-08-25,563,499,1464,156,19,0,5,3,0,0,0,0,42.71
2025-08-26,850,730,1572,111,64,2,15,12,1,0,0,0,40.05
2025-08-27,1008,872,3780,225,68,3,19,12,1,0,0,0,27.82
2025-08-28,917,873,1972,129,44,2,14,14,1,0,0,0,21.32
2025-08-29,775,757,3281,254,49,1,5,11,1,0,0,0,26.28
2025-08-30,1033,940,3392,197,56,2,8,11,1,0,0,0,21.92
2025-08-31,633,548,1931,183,45,1,9,9,1,0,0,0,28.36
2025-09-01,791,772,1450,110,33,1,6,7,1,0,0,0,22.25
2025-09-02,508,451,931,110,17,1,4,7,1,0,0,0,20.99
2025-09-03,615,526,2009,196,23,0,8,8,1,0,0,0,18.13
2025-09-04,852,733,1889,133,40,2,7,5,1,0,0,0,26.74
2025-09-05,707,662,1367,116,42,2,8,7,1,0,0,0,20.17
2025-09-06,681,633,2792,246,36,1,7,7,1,0,0,0,28.77
2025-09-07,676,605,2186,194,28,1,11,5,1,0,0,0,22.53
2025-09-08,387,332,742,115,26,1,6,5,1,0,0,0,26.1
2025-09-09,572,528,1888,198,25,0,11,8,1,0,0,0,21.81
2025-09-10,476,412,1127,142,33,1,5,5,0,0,0,0,29.56
2025-09-11,646,553,1561,145,47,1,4,5,1,0,0,0,18.55
2025-09-12,692,616,1084,94,35,1,8,10,0,0,0,0,33.65
2025-09-13,691,676,2119,184,32,1,6,10,1,0,0,0,30.09
2025-09-14,603,579,1980,197,43,0,6,8,1,0,0,0,33.69
2025-09-15,755,671,2101,167,51,2,7,9,1,0,0,0,43.92
2025-09-16,824,746,3447,251,59,3,5,11,1,0,0,0,43.0
2025-09-17,484,454,1508,187,19,1,9,3,0,0,0,0,35.84
2025-09-18,957,876,3126,196,61,1,16,10,1,0,0,0,27.57
2025-09-19,790,741,3292,250,58,2,14,4,1,0,0,0,32.19
2025-09-20,926,904,2809,182,47,1,18,5,1,0,0,0,27.01
2025-09-21,887,795,2232,151,27,0,12,5,1,0,0,0,30.66
2025-09-22,780,683,1456,112,26,1,12,10,1,0,0,0,24.93
2025-09-23,553,541,1134,123,20,0,8,6,0,0,0,0,31.24
2025-09-24,773,732,2680,208,32,1,8,7,1,0,0,0,22.47
2025-09-25,1054,1019,2723,155,82,2,5,14,1,0,0,0,28.93
2025-09-26,1394,1226,4391,189,73,1,10,19,1,0,0,0,32.39
2025-09-27,820,713,1380,101,55,2,8,11,1,0,0,0,21.3
2025-09-28,625,577,1208,116,35,1,11,4,0,0,0,0,20.18
2025-09-29,736,658,1386,113,36,2,6,11,1,0,0,0,31.96
2025-09-30,613,549,2289,224,23,0,5,5,1,0,0,0,31.8
2025-10-01,856,830,2882,202,28,1,12,8,1,0,0,0,32.47
2025-10-02,1239,1098,5101,247,63,2,15,9,1,0,0,0,33.13
2025-10-03,649,598,2390,221,25,1,12,6,1,0,0,0,18.37
2025-10-04,833,708,1791,129,65,3,11,7,1,0,0,0,31.4
2025-10-05,604,585,1782,177,34,1,7,6,1,0,0,0,20.77
2025-10-06,671,575,1588,142,22,0,10,9,1,0,0,0,15.0
2025-10-07,713,634,2258,190,36,1,7,5,1,0,0,0,23.45
2025-10-08,766,673,2860,224,23,1,5,8,1,0,0,0,25.79
2025-10-09,949,821,3843,243,48,1,11,9,1,0,0,0,41.5
2025-10-10,990,942,2508,152,67,2,11,13,0,0,0,0,40.42
2025-10-11,1042,956,3039,175,69,3,9,6,1,0,0,0,34.36
2025-10-12,705,685,1586,135,24,0,13,5,1,0,0,0,34.82
2025-10-13,728,688,1674,138,38,1,6,7,1,0,0,0,28.45
2025-10-14,435,381,834,115,26,1,5,4,1,0,0,0,32.08
2025-10-15,781,720,2200,169,56,2,5,5,1,0,0,0,19.21
2025-10-16,903,785,3341,222,57,1,12,8,1,0,0,0,31.7
2025-10-17,1008,964,2402,143,46,2,17,14,1,0,0,0,34.22
2025-10-18,1073,1045,3165,177,78,2,13,13,1,0,0,0,26.51
2025-10-19,1124,993,4290,229,74,3,17,11,1,0,0,0,32.24
2025-10-20,609,567,2436,240,45,1,4,6,1,0,0,0,34.0
2025-10-21,778,755,2451,189,47,1,6,12,1,0,0,0,35.28
2025-10-22,908,781,1680,111,35,2,16,13,0,0,0,0,14.83
2025-10-23,866,802,2309,160,53,1,8,8,1,0,0,0,36.48
2025-10-24,1089,1012,3703,204,42,1,12,16,1,0,0,0,29.73
2025-10-25,1053,922,3528,201,68,1,15,10,1,0,0,0,39.08
2025-10-26,855,765,2536,178,34,1,4,9,0,0,0,0,35.64
2025-10-27,1166,1098,2118,109,62,3,16,11,2,0,0,0,25.18
2025-10-28,1217,1103,1988,98,83,2,21,9,1,0,0,0,25.6
2025-10-29,2034,1868,7865,232,154,6,20,19,2,0,0,0,32.34
2025-10-30,2146,1978,5615,157,107,4,33,16,2,0,0,0,28.36
2025-10-31,1870,1828,7480,240,138,4,29,14,1,0,0,0,31.36
2025-11-01,1342,1153,2438,109,59,2,15,9,2,0,0,0,24.17
2025-11-02,782,680,2542,195,57,2,7,11,1,0,0,0,34.47
2025-11-03,721,652,2079,173,48,2,9,7,0,0,0,0,33.52
2025-11-04,836,802,3497,251,29,0,12,12,1,0,0,0,37.66
2025-11-05,932,813,1880,121,65,3,12,11,0,0,0,0,24.33
2025-11-06,969,868,2665,165,40,1,5,14,0,0,0,0,30.98
2025-11-07,948,892,2007,127,73,2,5,8,1,0,0,0,32.82
2025-11-08,850,730,2734,193,33,1,8,8,1,0,0,0,22.3
2025-11-09,794,754,2713,205,35,1,15,6,1,0,0,0,36.14
2025-11-10,613,536,2289,224,43,2,7,7,1,0,0,0,40.06
2025-11-11,969,836,2455,152,30,1,6,8,1,0,0,0,28.56
2025-11-12,777,731,1437,111,41,1,11,10,1,0,0,0,40.47
2025-11-13,712,637,2480,209,50,1,4,8,0,0,0,0,29.2
2025-11-14,1069,1009,3082,173,36,1,16,9,1,0,0,0,32.48
2025-11-15,1159,1075,2106,109,71,2,12,16,1,0,0,0,32.54
2025-11-16,974,897,2938,181,67,1,18,7,0,0,0,0,31.34
2025-11-17,648,589,2516,233,31,2,4,5,0,0,0,0,31.12
2025-11-18,589,543,1276,130,46,2,8,4,1,0,0,0,44.11
2025-11-19,627,557,2633,252,21,1,6,6,1,0,0,0,25.79
2025-11-20,816,697,2462,181,35,1,14,10,1,0,0,0,32.71
2025-11-21,882,841,2220,151,48,2,5,13,1,0,0,0,31.52
2025-11-22,645,567,2784,259,27,1,7,4,1,0,0,0,37.46
2025-11-23,687,638,1500,131,43,1,6,4,1,0,0,0,35.38
2025-11-24,613,545,1512,148,32,1,8,8,1,0,0,0,28.72
2025-11-25,703,627,1758,150,28,1,7,6,1,0,0,0,27.04
2025-11-26,728,653,2706,223,52,2,9,10,1,0,0,0,28.73
2025-11-27,935,810,3849,247,52,2,13,7,1,0,0,0,39.35
2025-11-28,955,838,3931,247,37,1,17,12,1,0,0,0,20.87
2025-11-29,687,647,2050,179,48,1,9,9,0,0,0,0,21.28
2025-11-30,739,652,1613,131,30,1,7,4,1,0,0,0,38.11
2025-12-01,674,589,2258,201,30,1,4,9,1,0,0,0,33.22
2025-12-02,832,808,2787,201,55,3,7,7,1,0,0,0,24.8
2025-12-03,849,757,2420,171,63,3,16,12,1,0,0,0,26.1
2025-12-04,1022,991,3764,221,40,1,5,11,1,0,0,0,43.34
2025-12-05,860,830,1304,91,50,1,15,12,1,0,0,0,29.63
2025-12-06,1034,924,2861,166,65,3,13,11,1,0,0,0,30.27
2025-12-07,837,713,1381,99,40,2,9,5,1,0,0,0,22.39
2025-12-08,650,627,2123,196,28,1,10,6,0,0,0,0,38.46
2025-12-09,736,681,1374,112,56,1,10,7,1,0,0,0,31.93
2025-12-10,1061,1020,2865,162,51,2,16,16,1,0,0,0,23.83
2025-12-11,907,818,1376,91,54,3,14,5,1,0,0,0,40.32
2025-12-12,1211,1088,2927,145,90,3,7,6,1,0,0,0,31.04
2025-12-13,878,848,3029,207,33,0,12,10,1,0,0,0,19.26
2025-12-14,864,766,2246,156,57,2,9,11,1,0,0,0,30.29
2025-12-15,653,628,1121,103,34,0,13,8,0,0,0,0,23.82
2025-12-16,853,744,3639,256,39,1,16,7,1,0,0,0,37.23
2025-12-17,1037,1007,4062,235,82,2,16,13,1,0,0,0,22.66
2025-12-18,1182,1154,1990,101,69,2,6,7,1,0,0,0,22.46
2025-12-19,1184,1045,2802,142,45,1,22,11,1,0,0,0,31.55
2025-12-20,978,872,2086,128,33,1,10,11,0,0,0,0,32.55
2025-12-21,585,561,1648,169,21,1,9,7,0,0,0,0,25.51
2025-12-22,493,439,1643,200,19,0,4,7,0,0,0,0,32.49
2025-12-23,656,620,2373,217,20,1,7,9,1,0,0,0,25.27
2025-12-24,956,863,3043,191,54,2,18,6,1,0,0,0,36.31
2025-12-25,943,828,1823,116,56,1,6,6,1,0,0,0,28.18
2025-12-26,721,648,1274,106,35,1,12,10,1,0,0,0,33.9
2025-12-27,1015,874,2740,162,57,3,6,6,1,0,0,0,31.98
2025-12-28,762,720,3277,258,29,1,15,6,1,0,0,0,21.33
2025-12-29,753,716,1782,142,24,1,13,7,0,0,0,0,23.31
2025-12-30,915,849,1464,96,28,1,11,12,0,0,0,0,35.48
2025-12-31,1209,1169,4856,241,45,1,21,11,2,0,0,0,31.49
2026-01-01,1153,996,4208,219,55,3,22,14,1,0,0,0,41.59
2026-01-02,1436,1338,4356,182,101,3,14,11,1,0,0,0,29.34
2026-01-03,1215,1166,4496,222,96,1,19,16,2,0,0,0,23.69
2026-01-04,944,845,3619,230,41,1,10,12,1,0,0,0,32.53
2026-01-05,830,771,1383,100,51,1,12,9,0,0,0,0,31.25
2026-01-06,1002,892,2221,133,62,2,7,9,1,0,0,0,31.46
2026-01-07,1341,1233,5699,255,62,1,18,12,2,0,0,0,31.02
2026-01-08,1262,1076,3344,159,97,3,24,16,2,0,0,0,37.43
2026-01-09,1139,1091,3455,182,67,2,14,16,2,0,0,0,30.98
2026-01-10,923,869,2000,130,70,2,14,11,2,0,0,0,25.13
2026-01-11,837,736,2916,209,45,1,15,10,1,0,0,0,17.91
2026-01-12,795,735,2412,182,40,1,15,10,1,0,0,0,29.26
2026-01-13,927,894,2055,133,57,2,12,7,1,0,0,0,21.37
2026-01-14,990,874,1584,96,61,1,11,7,2,0,0,0,42.6
2026-01-15,1333,1236,5754,259,102,4,18,9,2,0,0,0,20.7
2026-01-16,1125,1096,2719,145,79,2,16,11,0,0,0,0,41.17
2026-01-17,977,853,2263,139,33,1,18,12,1,0,0,0,21.65
2026-01-18,1106,1032,2230,121,86,2,14,12,1,0,0,0,41.6
2026-01-19,886,761,1388,94,61,1,13,6,1,0,0,0,47.32
2026-01-20,949,849,3369,213,62,1,11,9,1,0,0,0,34.59
2026-01-21,1297,1248,5426,251,53,2,8,17,1,0,0,0,41.51
2026-01-22,1199,1122,3497,175,40,0,22,14,1,0,0,0,19.24
2026-01-23,1721,1582,4044,141,80,3,16,24,4,0,0,0,25.1
2026-01-24,1109,1000,2366,128,59,2,14,8,2,0,0,0,30.64
2026-01-25,1077,993,3052,170,48,2,10,16,3,0,0,0,29.46
2026-01-26,1051,982,2452,140,45,2,13,12,2,0,0,0,26.13
2026-01-27,814,759,2618,193,42,1,9,7,3,0,0,0,25.79
2026-01-28,1113,1053,4656,251,66,3,7,7,3,0,0,0,31.56
2026-01-29,1384,1239,3299,143,59,3,26,20,7,1,0,0,22.58
2026-01-30,1295,1117,4166,193,47,2,12,19,4,0,0,0,31.74
2026-01-31,1161,1039,3522,182,70,2,16,12,5,1,0,0,35.72
2026-02-01,978,934,3684,226,57,3,8,5,3,0,0,0,24.72
2026-02-02,825,756,1760,128,56,3,12,12,4,1,0,0,36.61
2026-02-03,768,661,1242,97,42,1,15,9,6,0,0,0,33.83
2026-02-04,1047,1005,3595,206,50,2,16,10,3,0,0,0,30.76
2026-02-05,1451,1361,3603,149,77,1,24,12,4,0,0,0,32.53
2026-02-06,1140,1053,2109,111,34,1,8,9,8,1,0,0,27.5
2026-02-07,1154,1047,1943,101,55,2,11,15,6,1,0,0,20.91
2026-02-08,1038,911,2958,171,38,1,8,14,7,1,0,0,23.18
2026-02-09,886,860,3263,221,40,1,15,8,6,0,0,0,17.33
2026-02-10,939,868,3662,234,73,3,9,7,4,0,0,0,42.54
2026-02-11,674,647,2112,188,48,1,9,5,3,0,0,0,34.71
2026-02-12,1172,1002,4161,213,40,1,17,7,6,1,0,0,31.96
2026-02-13,1406,1353,3866,165,47,2,21,17,4,1,0,0,31.88
2026-02-14,871,745,2598,179,27,1,6,12,3,0,0,0,24.91
2026-02-15,810,700,3038,225,57,1,8,9,3,0,0,0,26.86
2026-02-16,672,578,1288,115,51,1,10,6,2,0,0,0,23.42
2026-02-17,841,725,2271,162,57,1,5,8,1,0,0,0,36.64
2026-02-18,986,961,3106,189,51,1,20,11,2,0,0,0,29.41
2026-02-19,1263,1175,5073,241,77,2,16,7,3,0,0,0,37.96
2026-02-20,1275,1243,2848,134,59,2,20,13,2,0,0,0,37.37
2026-02-21,1193,1097,2943,148,84,2,20,17,3,0,0,0,15.79
2026-02-22,1036,980,3609,209,35,1,18,12,1,0,0,0,30.42
2026-02-23,675,620,1508,134,44,1,9,3,1,0,0,0,24.91
2026-02-24,911,873,1412,93,32,1,13,10,0,0,0,0,20.06
2026-02-25,1093,1048,1858,102,56,3,9,8,1,0,0,0,27.69
2026-02-26,1161,1026,2167,112,60,1,12,17,1,0,0,0,30.35
2026-02-27,1058,921,2733,155,78,3,6,8,1,0,0,0,26.73
2026-02-28,1025,969,3536,207,38,1,10,8,1,0,0,0,38.11
2026-03-01,1061,913,3519,199,66,1,13,15,1,0,0,0,28.9
2026-03-02,1149,1061,2643,138,35,1,23,15,1,0,0,0,27.66
2026-03-03,971,898,4094,253,40,1,14,11,1,0,0,0,27.35
2026-03-04,1249,1219,4392,211,94,2,25,11,1,0,0,0,30.77
2026-03-05,1478,1418,5395,219,66,1,15,8,2,0,0,0,27.79
2026-03-06,1227,1166,4928,241,42,2,23,15,1,0,0,0,31.19
2026-03-07,1393,1242,3854,166,69,1,25,13,1,0,0,0,35.47
2026-03-08,1002,878,2756,165,51,1,7,10,2,0,0,0,38.51
2026-03-09,665,591,1230,111,49,2,4,8,1,0,0,0,36.13
2026-03-10,808,703,2182,162,28,1,7,12,1,0,0,0,28.9
2026-03-11,1009,895,2993,178,74,1,18,6,1,0,0,0,30.22
2026-03-12,1270,1141,2730,129,55,2,17,9,2,0,0,0,30.5
2026-03-13,1516,1294,4346,172,108,5,15,14,2,0,0,0,40.58
2026-03-14,1234,1137,3908,190,61,1,9,10,3,0,0,0,32.06
2026-03-15,1299,1241,4482,207,52,1,23,10,5,1,0,0,34.48
2026-03-16,1097,984,4333,237,58,2,11,9,5,1,0,0,21.1
2026-03-17,1099,1046,4231,231,57,1,7,12,3,0,0,0,34.57
2026-03-18,1428,1348,2499,105,54,2,17,21,4,0,0,0,28.87
2026-03-19,1235,1134,4981,242,77,3,21,15,8,1,0,0,35.02
2026-03-20,1961,1769,6471,198,119,2,33,17,9,1,0,0,22.51
2026-03-21,1343,1241,2507,112,101,2,22,19,4,0,0,0,26.0
2026-03-22,1064,970,2997,169,51,2,12,9,5,1,0,0,30.07
2026-03-23,1208,1145,4611,229,61,2,13,11,7,0,0,0,32.39
2026-03-24,1070,1039,3584,201,74,2,12,10,3,1,0,0,16.19
2026-03-25,1318,1230,3053,139,51,1,24,13,6,1,0,0,21.32
2026-03-26,1319,1275,4287,195,97,4,16,15,3,0,0,0,31.65
2026-03-27,1799,1623,6986,233,143,2,25,25,4,1,0,0,35.31
2026-03-28,1452,1380,4162,172,48,1,11,14,2,0,0,0,25.32
2026-03-29,1060,902,4293,243,58,2,9,10,2,0,0,0,34.97
2026-03-30,888,792,3138,212,62,1,8,13,1,0,0,0,23.99
2026-03-31,862,828,3161,220,31,0,13,5,1,0,0,0,32.8
2026-04-01,1422,1271,5830,246,77,4,14,16,2,0,0,0,31.4
2026-04-02,1151,986,4163,217,89,2,19,11,1,0,0,0,39.69
2026-04-03,1547,1486,5131,199,56,2,21,23,1,0,0,0,23.3
2026-04-04,1117,1092,3891,209,60,2,17,10,2,0,0,0,36.27
2026-04-05,1378,1172,4042,176,77,4,25,15,1,0,0,0,31.59
2026-04-06,964,886,4113,256,33,2,17,5,0,0,0,0,25.15
2026-04-07,1342,1258,4921,220,57,2,7,14,2,0,0,0,22.03
2026-04-08,1204,1082,2870,143,62,3,11,6,0,0,0,0,32.75
2026-04-09,1462,1362,4703,193,110,4,19,12,2,0,0,0,32.3
2026-04-10,1687,1565,3121,111,120,2,28,11,2,0,0,0,33.63
2026-04-11,1256,1204,4249,203,53,1,20,9,1,0,0,0,31.14
2026-04-12,1343,1154,4521,202,80,3,24,14,1,0,0,0,29.54
2026-04-13,1136,1063,2405,127,68,3,17,7,2,0,0,0,23.44
2026-04-14,1240,1135,2893,140,78,1,21,9,1,0,0,0,29.52
2026-04-15,1266,1088,4790,227,85,3,20,8,2,0,0,0,37.94
2026-04-16,1743,1691,4909,169,119,3,22,14,2,0,0,0,29.56
2026-04-17,1285,1103,3748,175,98,2,17,9,1,0,0,0,23.01
2026-04-18,1157,1126,3220,167,36,1,19,9,1,0,0,0,31.97
2026-04-19,1328,1168,3807,172,104,2,9,19,1,0,0,0,36.21
2026-04-20,1118,971,4006,215,86,4,19,10,1,0,0,0,35.98
2026-04-21,1061,930,2263,128,47,1,12,13,1,0,0,0,37.63
2026-04-22,999,926,2398,144,60,2,14,13,3,0,0,0,26.33
2026-04-23,1757,1644,5535,189,82,4,19,15,3,0,0,0,32.98
2026-04-24,1262,1162,3239,154,96,4,14,17,1,0,0,0,30.83
2026-04-25,1319,1215,4265,194,95,5,15,14,3,0,0,0,37.51
2026-04-26,1142,1035,3864,203,77,1,9,8,4,0,0,0,32.2
2026-04-27,1033,955,4235,246,66,1,12,13,2,0,0,0,34.56
2026-04-28,982,875,3159,193,33,1,12,12,3,0,0,0,25.48
2026-04-29,1072,955,4592,257,40,1,10,15,5,1,0,0,30.75
2026-04-30,1342,1271,4093,183,83,4,15,15,4,0,0,0,26.39
2026-05-01,1418,1268,3238,137,69,2,17,16,5,1,0,0,24.11
2026-05-02,1055,933,2725,155,55,2,20,13,5,0,0,0,34.86
2026-05-03,1032,996,3887,226,63,3,14,8,3,0,0,0,40.11
2026-05-04,959,894,2765,173,51,1,17,12,2,0,0,0,35.01
2026-05-05,987,965,3537,215,53,1,11,12,4,0,0,0,31.0
2026-05-06,1375,1309,2521,110,106,4,22,21,4,1,0,0,29.83
2026-05-07,1443,1275,5339,222,108,5,21,10,3,0,0,0,32.49
2026-05-08,1619,1553,2725,101,90,4,23,21,3,0,0,0,19.8
2026-05-09,1309,1145,4058,186,101,3,20,18,4,0,0,0,22.17
2026-05-10,1329,1287,3633,164,55,2,20,18,4,1,0,0,19.57
2026-05-11,1054,942,2740,156,67,1,13,16,2,0,0,0,21.48
2026-05-12,1207,1162,3118,155,63,2,10,11,1,0,0,0,26.77
2026-05-13,1462,1420,4752,195,93,4,19,13,3,0,0,0,35.5
2026-05-14,2129,1844,6103,172,96,3,12,28,5,0,0,0,36.79
2026-05-15,1905,1702,7969,251,81,3,21,26,5,1,0,0,29.2
2026-05-16,1443,1387,3271,136,96,2,23,8,4,0,0,0,22.39
2026-05-17,1102,1017,2810,153,47,2,16,13,2,0,0,0,33.27
2026-05-18,911,821,2961,195,60,2,18,9,2,0,0,0,30.67
2026-05-19,1183,1119,3529,179,47,1,9,11,1,0,0,0,26.04
2026-05-20,920,784,2315,151,47,1,7,7,0,0,0,0,34.09
2026-05-21,1201,1048,3303,165,78,3,22,8,1,0,0,0,26.42
2026-05-22,1081,946,2721,151,35,2,19,10,1,0,0,0,33.43
2026-05-23,1138,1062,2029,107,76,1,20,12,1,0,0,0,35.0
2026-05-24,794,737,2051,155,52,2,5,8,2,0,0,0,24.42
2026-05-25,973,929,1849,114,67,3,18,10,1,0,0,0,30.94
2026-05-26,815,743,3233,238,37,1,12,10,3,0,0,0,30.24
2026-05-27,1017,991,1831,108,76,3,17,13,2,0,0,0,47.37
2026-05-28,1324,1276,2825,128,65,3,16,9,4,0,0,0,25.31
2026-05-29,1196,1036,5123,257,37,1,9,7,2,0,0,0,34.32
2026-05-30,1170,1026,2028,104,68,1,21,13,4,0,0,0,32.22
2026-05-31,971,848,3415,211,76,4,15,12,2,0,0,0,32.05
2026-06-01,810,690,2876,213,40,1,11,8,4,0,0,0,30.43
