video,title,description,publishedAt,tags,categoryId,viewCount,likeCount,commentCount
vid_0001,5-Minute Weeknight Dinner,In this video we make 5-minute weeknight dinner. Full recipe and step-by-step instructions below.,2024-01-21T00:00:00Z,dinner ideas|how to cook|meal prep|easy recipe|healthy recipe|cooking tutorial|cooking|kitchen tips,26,25917,1965,283
vid_0002,Batch Cooking Cookies for Beginners,In this video we make batch cooking cookies for beginners. Full recipe and step-by-step instructions below.,2023-08-23T00:00:00Z,food blogger|cooking|kitchen tips|food|easy recipe|how to cook,26,2239,64,11
vid_0003,Easy Dinner Ideas for Busy Nights,In this video we make easy dinner ideas for busy nights. Full recipe and step-by-step instructions below.,2023-07-04T00:00:00Z,cooking tutorial|meal prep|home cooking|healthy recipe|how to cook,26,4260,272,48
vid_0004,The Best Tacos Recipe,In this video we make the best tacos recipe. Full recipe and step-by-step instructions below.,2023-12-27T00:00:00Z,cooking tutorial|cooking|home cooking|quick recipe,26,26075,1855,286
vid_0005,10 Recipes I'm Loving Lately,10 Recipes I'm Loving Lately. Hope you enjoy this one!,2024-12-27T00:00:00Z,kitchen tips|meal prep|cooking|how to cook|quick recipe|easy recipe|cooking tutorial|home cooking,26,2084,28,4
vid_0006,Batch Cooking Stir Fry for Beginners,In this video we make batch cooking stir fry for beginners. Full recipe and step-by-step instructions below.,2023-07-18T00:00:00Z,dinner ideas|kitchen tips|quick recipe|food blogger|cooking|easy recipe,26,7306,133,21
vid_0007,My Grandma's Ramen Recipe,In this video we make my grandma's ramen recipe. Full recipe and step-by-step instructions below.,2024-03-22T00:00:00Z,how to cook|food|meal prep|quick recipe|kitchen tips,22,9361,441,82
vid_0008,Air Fryer Recipes for Beginners,In this video we make air fryer recipes for beginners. Full recipe and step-by-step instructions below.,2025-08-05T00:00:00Z,cooking|cooking tutorial|home cooking|easy recipe|recipe|dinner ideas|food,26,3257,184,33
vid_0009,10 Air Fryer Dinners This Week,In this video we make 10 air fryer dinners this week. Full recipe and step-by-step instructions below.,2025-05-09T00:00:00Z,healthy recipe|recipe|food blogger|how to cook,26,8829,417,66
vid_0010,Knife Skills Every Cook Needs,In this video we make knife skills every cook needs. Full recipe and step-by-step instructions below.,2025-10-08T00:00:00Z,cooking|how to cook|dinner ideas|healthy recipe|recipe,26,4942,230,40
vid_0011,10-Minute Weeknight Dinner,In this video we make 10-minute weeknight dinner. Full recipe and step-by-step instructions below.,2026-04-01T00:00:00Z,dinner ideas|quick recipe|cooking tutorial|how to cook|cooking|meal prep,26,9209,877,133
vid_0012,Quick Curry Recipe,In this video we make quick curry recipe. Full recipe and step-by-step instructions below.,2024-05-01T00:00:00Z,cooking tutorial|healthy recipe|dinner ideas|quick recipe|cooking|recipe,26,4915,137,22
vid_0013,Family Favorite Tacos,In this video we make family favorite tacos. Full recipe and step-by-step instructions below.,2024-02-14T00:00:00Z,food blogger|dinner ideas|meal prep|how to cook|cooking tutorial|food,22,10020,357,57
vid_0014,Bread Night,Bread Night. Hope you enjoy this one!,2023-12-04T00:00:00Z,dinner ideas|meal prep|home cooking|how to cook|easy recipe|quick recipe|healthy recipe|cooking,26,1032,35,6
vid_0015,One-Pan Salmon Dinner,In this video we make one-pan salmon dinner. Full recipe and step-by-step instructions below.,2024-08-24T00:00:00Z,cooking|how to cook|cooking tutorial|quick recipe|dinner ideas|healthy recipe|easy recipe|kitchen tips,26,5286,404,56
vid_0016,Family Favorite Salad,In this video we make family favorite salad. Full recipe and step-by-step instructions below.,2024-04-10T00:00:00Z,meal prep|healthy recipe|cooking tutorial|food blogger|dinner ideas|kitchen tips|food,26,48367,3302,540
vid_0017,Baking Tacos From Scratch,In this video we make baking tacos from scratch. Full recipe and step-by-step instructions below.,2025-05-27T00:00:00Z,healthy recipe|dinner ideas|recipe|cooking|food blogger|food|how to cook,22,19594,1154,172
vid_0018,Quick Tacos Recipe,In this video we make quick tacos recipe. Full recipe and step-by-step instructions below.,2024-01-07T00:00:00Z,cooking tutorial|recipe|easy recipe|food blogger|how to cook|cooking|food,26,7114,389,70
vid_0019,10 Meal Prep Recipes for the Week,In this video we make 10 meal prep recipes for the week. Full recipe and step-by-step instructions below.,2025-01-14T00:00:00Z,easy recipe|cooking tutorial|home cooking|dinner ideas,26,1567,31,5
vid_0020,Baking Pizza From Scratch,In this video we make baking pizza from scratch. Full recipe and step-by-step instructions below.,2024-07-27T00:00:00Z,dinner ideas|cooking tutorial|recipe|quick recipe|easy recipe|healthy recipe|kitchen tips,26,4442,126,24
vid_0021,How to Properly Cook Soup,In this video we make how to properly cook soup. Full recipe and step-by-step instructions below.,2024-10-22T00:00:00Z,kitchen tips|meal prep|recipe|cooking|quick recipe,26,1481,102,17
vid_0022,Knife Skills Every Cook Needs,In this video we make knife skills every cook needs. Full recipe and step-by-step instructions below.,2024-04-22T00:00:00Z,quick recipe|cooking tutorial|food blogger|home cooking|easy recipe|dinner ideas|kitchen tips,26,5572,353,56
vid_0023,My Grandma's Soup Recipe,In this video we make my grandma's soup recipe. Full recipe and step-by-step instructions below.,2024-09-04T00:00:00Z,cooking|cooking tutorial|kitchen tips|dinner ideas|food|easy recipe|home cooking,26,8784,805,115
vid_0024,Easy Family Pasta for Busy Nights,Easy Family Pasta for Busy Nights. Hope you enjoy this one!,2025-01-29T00:00:00Z,dinner ideas|easy recipe|food|meal prep|kitchen tips|healthy recipe|quick recipe,26,1412,32,5
vid_0025,5-Minute Weeknight Dinner,In this video we make 5-minute weeknight dinner. Full recipe and step-by-step instructions below.,2024-01-10T00:00:00Z,easy recipe|home cooking|how to cook|food,26,10967,198,31
vid_0026,How to Properly Cook Stir Fry,In this video we make how to properly cook stir fry. Full recipe and step-by-step instructions below.,2025-07-02T00:00:00Z,how to cook|dinner ideas|kitchen tips|easy recipe,26,10626,976,161
vid_0027,Sunday Meal Prep: Pasta Edition,In this video we make sunday meal prep: pasta edition. Full recipe and step-by-step instructions below.,2025-04-11T00:00:00Z,food blogger|kitchen tips|healthy recipe|cooking tutorial|how to cook,26,854,10,2
vid_0028,10 Air Fryer Dinners This Week,In this video we make 10 air fryer dinners this week. Full recipe and step-by-step instructions below.,2024-04-13T00:00:00Z,meal prep|food|cooking tutorial|healthy recipe|quick recipe|food blogger,26,3877,472,67
vid_0029,The Best Stew Recipe,In this video we make the best stew recipe. Full recipe and step-by-step instructions below.,2024-04-02T00:00:00Z,meal prep|food blogger|easy recipe|healthy recipe|kitchen tips|how to cook,26,15234,872,139
vid_0030,5-Minute Weeknight Dinner,In this video we make 5-minute weeknight dinner. Full recipe and step-by-step instructions below.,2023-08-08T00:00:00Z,dinner ideas|cooking tutorial|how to cook|meal prep|cooking|recipe|healthy recipe|food,26,3548,72,12
vid_0031,15 Healthy Swaps for Chicken,In this video we make 15 healthy swaps for chicken. Full recipe and step-by-step instructions below.,2024-10-28T00:00:00Z,recipe|food|how to cook|cooking tutorial,26,3904,248,43
vid_0032,Let's Make Risotto Together,Let's Make Risotto Together. Hope you enjoy this one!,2024-09-04T00:00:00Z,easy recipe|meal prep|cooking tutorial|kitchen tips|dinner ideas|cooking,22,3231,110,18
vid_0033,Family Favorite Cookies,In this video we make family favorite cookies. Full recipe and step-by-step instructions below.,2023-09-02T00:00:00Z,meal prep|food|healthy recipe|easy recipe|kitchen tips|quick recipe|home cooking,26,7361,519,83
vid_0034,Batch Cooking Burrito Bowl for Beginners,In this video we make batch cooking burrito bowl for beginners. Full recipe and step-by-step instructions below.,2025-02-07T00:00:00Z,home cooking|recipe|dinner ideas|food,26,7085,89,15
vid_0035,15 Air Fryer Dinners This Week,In this video we make 15 air fryer dinners this week. Full recipe and step-by-step instructions below.,2024-03-10T00:00:00Z,dinner ideas|how to cook|cooking|recipe|quick recipe|home cooking,26,3617,182,26
vid_0036,Batch Cooking Tacos for Beginners,In this video we make batch cooking tacos for beginners. Full recipe and step-by-step instructions below.,2024-07-13T00:00:00Z,home cooking|healthy recipe|how to cook|kitchen tips|quick recipe|food blogger,26,3639,140,23
vid_0037,Batch Cooking Cake for Beginners,In this video we make batch cooking cake for beginners. Full recipe and step-by-step instructions below.,2023-07-15T00:00:00Z,recipe|healthy recipe|cooking|quick recipe|dinner ideas|easy recipe|kitchen tips,26,4575,136,23
vid_0038,Baking Salad From Scratch,In this video we make baking salad from scratch. Full recipe and step-by-step instructions below.,2023-08-10T00:00:00Z,recipe|dinner ideas|meal prep|easy recipe|kitchen tips|cooking,26,4310,177,28
vid_0039,15 Meal Prep Recipes for the Week,In this video we make 15 meal prep recipes for the week. Full recipe and step-by-step instructions below.,2025-03-26T00:00:00Z,quick recipe|cooking|dinner ideas|food blogger|recipe|meal prep|how to cook,26,6973,102,18
vid_0040,Family Favorite Pizza,In this video we make family favorite pizza. Full recipe and step-by-step instructions below.,2024-11-20T00:00:00Z,cooking|healthy recipe|quick recipe|food|recipe,26,3229,100,15
vid_0041,The Best Pancakes Recipe,In this video we make the best pancakes recipe. Full recipe and step-by-step instructions below.,2024-05-24T00:00:00Z,how to cook|cooking|food|cooking tutorial|meal prep|recipe,26,4283,335,46
vid_0042,My Favorite Recipe Right Now,My Favorite Recipe Right Now. Hope you enjoy this one!,2025-05-24T00:00:00Z,recipe|kitchen tips|food blogger|easy recipe|how to cook,26,3905,84,14
vid_0043,3 Meal Prep Recipes for the Week,In this video we make 3 meal prep recipes for the week. Full recipe and step-by-step instructions below.,2023-11-13T00:00:00Z,cooking|healthy recipe|kitchen tips|home cooking|cooking tutorial,22,805,16,3
vid_0044,Weekend Cooking Session,Weekend Cooking Session. Hope you enjoy this one!,2026-04-27T00:00:00Z,dinner ideas|easy recipe|quick recipe|food blogger|meal prep|food|cooking,26,5922,201,31
vid_0045,Sunday Meal Prep: Salad Edition,In this video we make sunday meal prep: salad edition. Full recipe and step-by-step instructions below.,2024-02-09T00:00:00Z,food blogger|recipe|dinner ideas|cooking tutorial,26,2525,58,9
vid_0046,7 Air Fryer Dinners This Week,In this video we make 7 air fryer dinners this week. Full recipe and step-by-step instructions below.,2023-07-25T00:00:00Z,quick recipe|easy recipe|dinner ideas|home cooking|recipe|cooking tutorial|cooking,26,7623,519,90
vid_0047,Air Fryer Stir Fry in 10 Minutes,In this video we make air fryer stir fry in 10 minutes. Full recipe and step-by-step instructions below.,2023-08-27T00:00:00Z,cooking|quick recipe|healthy recipe|easy recipe|food blogger,26,2308,98,17
vid_0048,What I Cook On Busy Weeknights,In this video we make what i cook on busy weeknights. Full recipe and step-by-step instructions below.,2024-05-04T00:00:00Z,recipe|food blogger|food|home cooking|cooking tutorial,26,8489,276,46
vid_0049,Baking Soup From Scratch,In this video we make baking soup from scratch. Full recipe and step-by-step instructions below.,2025-06-10T00:00:00Z,how to cook|cooking tutorial|cooking|healthy recipe|recipe|dinner ideas,26,8110,719,123
vid_0050,The Chicken My Kids Actually Eat,In this video we make the chicken my kids actually eat. Full recipe and step-by-step instructions below.,2024-11-22T00:00:00Z,cooking|kitchen tips|dinner ideas|meal prep|healthy recipe|how to cook|cooking tutorial,26,10831,674,107
